"State","County","Year","Beach Id","Beach Name","Beach Status","Reported","Station ID","Activity ID","Action Type","ActionStartDate","ActionEndDate","ActionDuration Days","Percentage oftime beachwas affectedduring open hours","Time affected(in hours)","Time beachis open(in hours)","Action Reasons","Action ReasonsComment","Action Indicator","Action IndicatorComment","Action Possible Source","Action PossibleSourceComment"
"NY","BRONX","2016","NY617089","AMERICAN TURNERS","No advisory or closure","Y","21NYBCH|NY617089-01","476770","Rain Advisory","05-JUL-16","06-JUL-16","2","100","24","24","RAINFALL","-","PREEMPT","-","CSO","-"
"NY","BRONX","2016","NY617089","AMERICAN TURNERS","No advisory or closure","Y","21NYBCH|NY617089-01","476772","Rain Advisory","29-JUL-16","30-JUL-16","2","100","24","24","RAINFALL","-","PREEMPT","-","CSO","-"
"NY","BRONX","2016","NY617089","AMERICAN TURNERS","No advisory or closure","Y","21NYBCH|NY617089-01","476772","Rain Advisory","29-JUL-16","30-JUL-16","2","100","24","24","RAINFALL","-","PREEMPT","-","STORM","-"
"NY","BRONX","2016","NY617089","AMERICAN TURNERS","No advisory or closure","Y","21NYBCH|NY617089-01","476771","Rain Advisory","26-JUL-16","26-JUL-16","1","100","24","24","RAINFALL","-","PREEMPT","-","CSO","-"
"NY","BRONX","2016","NY617089","AMERICAN TURNERS","No advisory or closure","Y","21NYBCH|NY617089-01","476769","Rain Advisory","06-JUN-16","06-JUN-16","1","100","24","24","RAINFALL","-","PREEMPT","-","STORM","-"
"NY","BRONX","2016","NY617089","AMERICAN TURNERS","No advisory or closure","Y","21NYBCH|NY617089-01","476769","Rain Advisory","06-JUN-16","06-JUN-16","1","100","24","24","RAINFALL","-","PREEMPT","-","CSO","-"
"NY","BRONX","2016","NY617089","AMERICAN TURNERS","No advisory or closure","Y","21NYBCH|NY617089-01","476770","Rain Advisory","05-JUL-16","06-JUL-16","2","100","24","24","RAINFALL","-","PREEMPT","-","STORM","-"
"NY","BRONX","2016","NY617089","AMERICAN TURNERS","No advisory or closure","Y","21NYBCH|NY617089-01","476771","Rain Advisory","26-JUL-16","26-JUL-16","1","100","24","24","RAINFALL","-","PREEMPT","-","STORM","-"
"NY","SUFFOLK","2016","NY689454","AMITYVILLE BEACH","No advisory or closure","Y","21NYBCH|NY689454-01","476849","Rain Advisory","29-JUL-16","30-JUL-16","2","100","24","24","RAINFALL","-","PREEMPT","-","STORM","-"
"NY","SUFFOLK","2016","NY689454","AMITYVILLE BEACH","No advisory or closure","Y","21NYBCH|NY689454-01","476848","Rain Advisory","05-JUL-16","06-JUL-16","1","100","24","24","RAINFALL","-","PREEMPT","-","STORM","-"
"NY","SUFFOLK","2016","NY186000","ASHAROKEN BEACH","No advisory or closure","Y","21NYBCH|NY186000-01","476462","Rain Advisory","29-JUL-16","30-JUL-16","2","100","24","24","RAINFALL","-","PREEMPT","-","STORM","-"
"NY","SUFFOLK","2016","NY186000","ASHAROKEN BEACH","No advisory or closure","Y","21NYBCH|NY186000-01","476461","Rain Advisory","05-JUL-16","06-JUL-16","1","100","24","24","RAINFALL","-","PREEMPT","-","STORM","-"
"NY","SUFFOLK","2016","NY764458","BAY HILLS POA","No advisory or closure","Y","21NYBCH|NY764458-01","476883","Rain Advisory","29-JUL-16","30-JUL-16","2","100","24","24","RAINFALL","-","PREEMPT","-","STORM","-"
"NY","SUFFOLK","2016","NY764458","BAY HILLS POA","No advisory or closure","Y","21NYBCH|NY764458-01","476882","Rain Advisory","05-JUL-16","06-JUL-16","1","100","24","24","RAINFALL","-","PREEMPT","-","STORM","-"
"NY","SUFFOLK","2016","NY268028","BAYBERRY BEACH AND TENNIS CLUB","No advisory or closure","Y","21NYBCH|NY268028-01","476480","Rain Advisory","05-JUL-16","06-JUL-16","1","100","24","24","RAINFALL","-","PREEMPT","-","STORM","-"
"NY","SUFFOLK","2016","NY268028","BAYBERRY BEACH AND TENNIS CLUB","No advisory or closure","Y","21NYBCH|NY268028-01","476481","Rain Advisory","29-JUL-16","30-JUL-16","2","100","24","24","RAINFALL","-","PREEMPT","-","STORM","-"
"NY","SUFFOLK","2016","NY470082","BAYBERRY COVE BEACH","No advisory or closure","Y","21NYBCH|NY470082-01","476630","Rain Advisory","29-JUL-16","30-JUL-16","2","100","24","24","RAINFALL","-","PREEMPT","-","STORM","-"
"NY","SUFFOLK","2016","NY470082","BAYBERRY COVE BEACH","No advisory or closure","Y","21NYBCH|NY470082-01","476629","Rain Advisory","05-JUL-16","06-JUL-16","1","100","24","24","RAINFALL","-","PREEMPT","-","STORM","-"
"NY","SUFFOLK","2016","NY817008","BAYCREST ASSOCIATION BEACH","No advisory or closure","Y","21NYBCH|NY817008-01","476895","Rain Advisory","05-JUL-16","06-JUL-16","1","100","24","24","RAINFALL","-","PREEMPT","-","STORM","-"
"NY","SUFFOLK","2016","NY817008","BAYCREST ASSOCIATION BEACH","No advisory or closure","Y","21NYBCH|NY817008-01","476896","Rain Advisory","29-JUL-16","30-JUL-16","2","100","24","24","RAINFALL","-","PREEMPT","-","STORM","-"
"NY","SUFFOLK","2016","NY352593","BAYPORT BEACH","No advisory or closure","Y","21NYBCH|NY352593-01","476523","Rain Advisory","05-JUL-16","06-JUL-16","1","100","24","24","RAINFALL","-","PREEMPT","-","STORM","-"
"NY","SUFFOLK","2016","NY352593","BAYPORT BEACH","No advisory or closure","Y","21NYBCH|NY352593-01","476524","Rain Advisory","29-JUL-16","30-JUL-16","2","100","24","24","RAINFALL","-","PREEMPT","-","STORM","-"
"NY","SUFFOLK","2016","NY375131","BAYVIEW BEACH","No advisory or closure","Y","21NYBCH|NY375131-01","476540","Rain Advisory","05-JUL-16","06-JUL-16","1","100","24","24","RAINFALL","-","PREEMPT","-","STORM","-"
"NY","SUFFOLK","2016","NY375131","BAYVIEW BEACH","No advisory or closure","Y","21NYBCH|NY375131-01","476541","Rain Advisory","29-JUL-16","30-JUL-16","2","100","24","24","RAINFALL","-","PREEMPT","-","STORM","-"
"NY","WESTCHESTER","2016","NY847981","BEACH POINT CLUB","No advisory or closure","Y","21NYBCH|NY847981-01","476924","Closure","29-JUL-16","31-JUL-16","2","100","24","24","SEWAGE","-","PREEMPT","-","RUNOFF","-"
"NY","WESTCHESTER","2016","NY847981","BEACH POINT CLUB","No advisory or closure","Y","21NYBCH|NY847981-01","476923","Closure","05-JUL-16","06-JUL-16","2","100","24","24","RAINFALL","-","PREEMPT","-","STORM","-"
"NY","WESTCHESTER","2016","NY847981","BEACH POINT CLUB","No advisory or closure","Y","21NYBCH|NY847981-01","476922","Closure","28-JUN-16","01-JUL-16","3","100","24","24","RAINFALL","-","PREEMPT","-","STORM","-"
"NY","WESTCHESTER","2016","NY238322","BECKWITHE POINTE","No advisory or closure","N","21NYBCH|NY238322-01","476463","Contamination Advisory","07-JUN-16","09-JUN-16","2","100","24","24","ELEV_BACT","-","ENTERO","-","UNKNOWN","-"
"NY","JEFFERSON","2016","NY556078","BEDFORD CREEK MARINA AND CAMPGROUND","No advisory or closure","N","21NYBCH|NY556078-01","476707","Closure","21-JUN-16","24-JUN-16","3","100","24","24","ELEV_BACT","-","ECOLI","-","UNKNOWN","-"
"NY","JEFFERSON","2016","NY556078","BEDFORD CREEK MARINA AND CAMPGROUND","No advisory or closure","N","21NYBCH|NY556078-01","476706","Closure","08-JUN-16","10-JUN-16","3","100","24","24","ELEV_BACT","-","ECOLI","-","UNKNOWN","-"
"NY","SUFFOLK","2016","NY563977","BEECH ROAD BEACH","No advisory or closure","Y","21NYBCH|NY563977-01","476715","Rain Advisory","05-JUL-16","06-JUL-16","1","100","24","24","RAINFALL","-","PREEMPT","-","STORM","-"
"NY","SUFFOLK","2016","NY563977","BEECH ROAD BEACH","No advisory or closure","Y","21NYBCH|NY563977-01","476716","Rain Advisory","29-JUL-16","30-JUL-16","2","100","24","24","RAINFALL","-","PREEMPT","-","STORM","-"
"NY","SUFFOLK","2016","NY530635","BENJAMINS BEACH","No advisory or closure","Y","21NYBCH|NY530635-01","476688","Closure","25-JUN-16","27-JUN-16","3","100","24","24","ELEV_BACT","-","ENTERO","-","OTHER","excessive seaweed"
"NY","SUFFOLK","2016","NY530635","BENJAMINS BEACH","No advisory or closure","Y","21NYBCH|NY530635-01","476690","Closure","18-JUL-16","19-JUL-16","2","100","24","24","ELEV_BACT","-","ENTERO","-","STORM","-"
"NY","SUFFOLK","2016","NY530635","BENJAMINS BEACH","No advisory or closure","Y","21NYBCH|NY530635-01","476689","Rain Advisory","05-JUL-16","06-JUL-16","1","100","24","24","RAINFALL","-","PREEMPT","-","STORM","-"
"NY","SUFFOLK","2016","NY530635","BENJAMINS BEACH","No advisory or closure","Y","21NYBCH|NY530635-01","476688","Closure","25-JUN-16","27-JUN-16","3","100","24","24","ELEV_BACT","-","ENTERO","-","WILDLIFE","-"
"NY","ERIE","2016","NY120695","BENNETT BEACH","No advisory or closure","Y","21NYBCH|NY120695-01","476420","Closure","30-JUL-16","31-JUL-16","1","100","24","24","MODEL","-","PREEMPT","-","UNKNOWN","-"
"NY","ERIE","2016","NY120695","BENNETT BEACH","No advisory or closure","Y","21NYBCH|NY120695-01","476419","Closure","26-JUL-16","27-JUL-16","1","100","24","24","MODEL","-","PREEMPT","-","UNKNOWN","-"
"NY","ERIE","2016","NY120695","BENNETT BEACH","No advisory or closure","Y","21NYBCH|NY120695-01","476417","Closure","09-JUL-16","10-JUL-16","1","100","24","24","MODEL","-","PREEMPT","-","UNKNOWN","-"
"NY","ERIE","2016","NY120695","BENNETT BEACH","No advisory or closure","Y","21NYBCH|NY120695-01","476418","Closure","22-JUL-16","23-JUL-16","1","100","24","24","MODEL","-","PREEMPT","-","UNKNOWN","-"
"NY","ERIE","2016","NY120695","BENNETT BEACH","No advisory or closure","Y","21NYBCH|NY120695-01","476416","Closure","27-JUN-16","28-JUN-16","1","100","24","24","MODEL","-","PREEMPT","-","UNKNOWN","-"
"NY","NASSAU","2016","NY967019","BILTMORE BEACH","No advisory or closure","Y","21NYBCH|NY967019-01","476991","Rain Advisory","05-JUL-16","06-JUL-16","1","100","24","24","RAINFALL","-","PREEMPT","-","STORM","-"
"NY","NASSAU","2016","NY967019","BILTMORE BEACH","No advisory or closure","Y","21NYBCH|NY967019-01","476990","Rain Advisory","02-JUL-16","03-JUL-16","1","100","24","24","RAINFALL","-","PREEMPT","-","STORM","-"
"NY","NASSAU","2016","NY967019","BILTMORE BEACH","No advisory or closure","Y","21NYBCH|NY967019-01","476992","Rain Advisory","29-JUL-16","30-JUL-16","1","100","24","24","RAINFALL","-","PREEMPT","-","STORM","-"
"NY","NASSAU","2016","NY967019","BILTMORE BEACH","No advisory or closure","Y","21NYBCH|NY967019-01","476989","Rain Advisory","28-JUN-16","29-JUN-16","1","100","24","24","RAINFALL","-","PREEMPT","-","STORM","-"
"NY","NASSAU","2016","NY967019","BILTMORE BEACH","No advisory or closure","Y","21NYBCH|NY967019-01","476988","Closure","04-JUN-16","10-JUN-16","6","100","24","24","ELEV_BACT","-","ENTERO","-","UNKNOWN","-"
"NY","SUFFOLK","2016","NY984279","BRIGHTWATERS BEACH","No advisory or closure","Y","21NYBCH|NY984279-01","477008","Rain Advisory","05-JUL-16","06-JUL-16","1","100","24","24","RAINFALL","-","PREEMPT","-","STORM","-"
"NY","SUFFOLK","2016","NY984279","BRIGHTWATERS BEACH","No advisory or closure","Y","21NYBCH|NY984279-01","477009","Rain Advisory","29-JUL-16","30-JUL-16","2","100","24","24","RAINFALL","-","PREEMPT","-","STORM","-"
"NY","SUFFOLK","2016","NY648214","BROADWAY BEACH","No advisory or closure","Y","21NYBCH|NY648214-01","476834","Rain Advisory","05-JUL-16","06-JUL-16","1","100","24","24","RAINFALL","-","PREEMPT","-","STORM","-"
"NY","SUFFOLK","2016","NY648214","BROADWAY BEACH","No advisory or closure","Y","21NYBCH|NY648214-01","476835","Rain Advisory","29-JUL-16","30-JUL-16","2","100","24","24","RAINFALL","-","PREEMPT","-","STORM","-"
"NY","SUFFOLK","2016","NY471816","CALLAHAN'S BEACH","No advisory or closure","Y","21NYBCH|NY471816-01","476631","Rain Advisory","05-JUL-16","06-JUL-16","1","100","24","24","RAINFALL","-","PREEMPT","-","STORM","-"
"NY","SUFFOLK","2016","NY471816","CALLAHAN'S BEACH","No advisory or closure","Y","21NYBCH|NY471816-01","476632","Rain Advisory","29-JUL-16","30-JUL-16","2","100","24","24","RAINFALL","-","PREEMPT","-","STORM","-"
"NY","RICHMOND","2016","NY890584","CEDAR GROVE","No advisory or closure","Y","21NYBCH|NY890584-01","476946","Contamination Advisory","29-JUL-16","30-JUL-16","2","100","24","24","OTHER","Floatable Debris","PREEMPT","-","UNKNOWN","-"
"NY","SUFFOLK","2016","NY927224","CENTERPORT BEACH","No advisory or closure","Y","21NYBCH|NY927224-01","476963","Rain Advisory","29-JUL-16","30-JUL-16","2","100","24","24","RAINFALL","-","PREEMPT","-","STORM","-"
"NY","SUFFOLK","2016","NY927224","CENTERPORT BEACH","No advisory or closure","Y","21NYBCH|NY927224-01","476962","Rain Advisory","05-JUL-16","06-JUL-16","1","100","24","24","RAINFALL","-","PREEMPT","-","STORM","-"
"NY","SUFFOLK","2016","NY707687","CENTERPORT YACHT CLUB","No advisory or closure","Y","21NYBCH|NY707687-01","476859","Rain Advisory","29-JUL-16","30-JUL-16","2","100","24","24","RAINFALL","-","PREEMPT","-","STORM","-"
"NY","SUFFOLK","2016","NY707687","CENTERPORT YACHT CLUB","No advisory or closure","Y","21NYBCH|NY707687-01","476858","Rain Advisory","05-JUL-16","06-JUL-16","1","100","24","24","RAINFALL","-","PREEMPT","-","STORM","-"
"NY","NASSAU","2016","NY503509","CENTRE ISLAND - SOUND BEACH","No advisory or closure","Y","21NYBCH|NY503509-01","476671","Rain Advisory","02-JUL-16","03-JUL-16","1","100","24","24","RAINFALL","-","PREEMPT","-","STORM","-"
"NY","NASSAU","2016","NY503509","CENTRE ISLAND - SOUND BEACH","No advisory or closure","Y","21NYBCH|NY503509-01","476673","Rain Advisory","26-JUL-16","27-JUL-16","1","100","24","24","RAINFALL","-","PREEMPT","-","STORM","-"
"NY","NASSAU","2016","NY503509","CENTRE ISLAND - SOUND BEACH","No advisory or closure","Y","21NYBCH|NY503509-01","476672","Rain Advisory","05-JUL-16","06-JUL-16","1","100","24","24","RAINFALL","-","PREEMPT","-","STORM","-"
"NY","NASSAU","2016","NY503509","CENTRE ISLAND - SOUND BEACH","No advisory or closure","Y","21NYBCH|NY503509-01","476674","Rain Advisory","29-JUL-16","30-JUL-16","1","100","24","24","RAINFALL","-","PREEMPT","-","STORM","-"
"NY","JEFFERSON","2016","NY426945","CHAUMONT VILLAGE BEACH","No advisory or closure","Y","21NYBCH|NY426945-01","476590","Closure","23-JUN-16","24-JUN-16","2","100","24","24","ELEV_BACT","-","ECOLI","-","UNKNOWN","-"
"NY","JEFFERSON","2016","NY426945","CHAUMONT VILLAGE BEACH","No advisory or closure","Y","21NYBCH|NY426945-01","476592","Closure","19-JUL-16","21-JUL-16","2","100","24","24","ELEV_BACT","-","ECOLI","-","UNKNOWN","-"
"NY","JEFFERSON","2016","NY426945","CHAUMONT VILLAGE BEACH","No advisory or closure","Y","21NYBCH|NY426945-01","476591","Closure","28-JUN-16","30-JUN-16","2","100","24","24","ELEV_BACT","-","ECOLI","-","UNKNOWN","-"
"NY","SUFFOLK","2016","NY504437","COLD SPRING HARBOR BEACH CLUB","No advisory or closure","Y","21NYBCH|NY504437-01","476679","Rain Advisory","29-JUL-16","30-JUL-16","2","100","24","24","RAINFALL","-","PREEMPT","-","STORM","-"
"NY","SUFFOLK","2016","NY504437","COLD SPRING HARBOR BEACH CLUB","No advisory or closure","Y","21NYBCH|NY504437-01","476678","Rain Advisory","05-JUL-16","06-JUL-16","1","100","24","24","RAINFALL","-","PREEMPT","-","STORM","-"
"NY","SUFFOLK","2016","NY112479","COPIAGUE HARBOR","No advisory or closure","Y","21NYBCH|NY112479-01","476408","Rain Advisory","29-JUL-16","30-JUL-16","2","100","24","24","RAINFALL","-","PREEMPT","-","STORM","-"
"NY","SUFFOLK","2016","NY112479","COPIAGUE HARBOR","No advisory or closure","Y","21NYBCH|NY112479-01","476407","Closure","09-JUL-16","13-JUL-16","5","100","24","24","ELEV_BACT","-","ENTERO","-","STORM","-"
"NY","SUFFOLK","2016","NY112479","COPIAGUE HARBOR","No advisory or closure","Y","21NYBCH|NY112479-01","476406","Rain Advisory","05-JUL-16","06-JUL-16","1","100","24","24","RAINFALL","-","PREEMPT","-","STORM","-"
"NY","SUFFOLK","2016","NY780418","COREY CREEK BEACH","No advisory or closure","Y","21NYBCH|NY780418-01","476887","Rain Advisory","05-JUL-16","06-JUL-16","1","100","24","24","RAINFALL","-","PREEMPT","-","STORM","-"
"NY","SUFFOLK","2016","NY780418","COREY CREEK BEACH","No advisory or closure","Y","21NYBCH|NY780418-01","476888","Rain Advisory","29-JUL-16","30-JUL-16","2","100","24","24","RAINFALL","-","PREEMPT","-","STORM","-"
"NY","WESTCHESTER","2016","NY948448","COVELEIGH BEACH CLUB","No advisory or closure","Y","21NYBCH|NY948448-01","476973","Closure","28-JUN-16","01-JUL-16","3","100","24","24","RAINFALL","-","PREEMPT","-","STORM","-"
"NY","WESTCHESTER","2016","NY948448","COVELEIGH BEACH CLUB","No advisory or closure","Y","21NYBCH|NY948448-01","476972","Contamination Advisory","07-JUN-16","09-JUN-16","2","100","24","24","ELEV_BACT","-","ENTERO","-","UNKNOWN","-"
"NY","WESTCHESTER","2016","NY948448","COVELEIGH BEACH CLUB","No advisory or closure","Y","21NYBCH|NY948448-01","476975","Closure","29-JUL-16","31-JUL-16","2","100","24","24","SEWAGE","-","PREEMPT","-","RUNOFF","-"
"NY","WESTCHESTER","2016","NY948448","COVELEIGH BEACH CLUB","No advisory or closure","Y","21NYBCH|NY948448-01","476974","Closure","05-JUL-16","06-JUL-16","2","100","24","24","RAINFALL","-","PREEMPT","-","STORM","-"
"NY","SUFFOLK","2016","NY133112","CRAB MEADOW BEACH","No advisory or closure","Y","21NYBCH|NY133112-01","476426","Rain Advisory","05-JUL-16","06-JUL-16","1","100","24","24","RAINFALL","-","PREEMPT","-","STORM","-"
"NY","SUFFOLK","2016","NY133112","CRAB MEADOW BEACH","No advisory or closure","Y","21NYBCH|NY133112-01","476427","Rain Advisory","29-JUL-16","30-JUL-16","2","100","24","24","RAINFALL","-","PREEMPT","-","STORM","-"
"NY","SUFFOLK","2016","NY702605","CRESCENT BEACH - SUFFOLK","No advisory or closure","Y","21NYBCH|NY702605-01","476855","Rain Advisory","29-JUL-16","30-JUL-16","2","100","24","24","RAINFALL","-","PREEMPT","-","STORM","-"
"NY","SUFFOLK","2016","NY702605","CRESCENT BEACH - SUFFOLK","No advisory or closure","Y","21NYBCH|NY702605-01","476854","Rain Advisory","05-JUL-16","06-JUL-16","1","100","24","24","RAINFALL","-","PREEMPT","-","STORM","-"
"NY","BRONX","2016","NY582799","DANISH AMERICAN BEACH CLUB","No advisory or closure","Y","21NYBCH|NY582799-01","476743","Rain Advisory","06-JUN-16","06-JUN-16","1","100","24","24","RAINFALL","-","PREEMPT","-","STORM","-"
"NY","BRONX","2016","NY582799","DANISH AMERICAN BEACH CLUB","No advisory or closure","Y","21NYBCH|NY582799-01","476743","Rain Advisory","06-JUN-16","06-JUN-16","1","100","24","24","RAINFALL","-","PREEMPT","-","CSO","-"
"NY","BRONX","2016","NY582799","DANISH AMERICAN BEACH CLUB","No advisory or closure","Y","21NYBCH|NY582799-01","476744","Rain Advisory","05-JUL-16","06-JUL-16","2","100","24","24","RAINFALL","-","PREEMPT","-","CSO","-"
"NY","BRONX","2016","NY582799","DANISH AMERICAN BEACH CLUB","No advisory or closure","Y","21NYBCH|NY582799-01","476745","Rain Advisory","26-JUL-16","26-JUL-16","1","100","24","24","RAINFALL","-","PREEMPT","-","STORM","-"
"NY","BRONX","2016","NY582799","DANISH AMERICAN BEACH CLUB","No advisory or closure","Y","21NYBCH|NY582799-01","476745","Rain Advisory","26-JUL-16","26-JUL-16","1","100","24","24","RAINFALL","-","PREEMPT","-","CSO","-"
"NY","BRONX","2016","NY582799","DANISH AMERICAN BEACH CLUB","No advisory or closure","Y","21NYBCH|NY582799-01","476746","Rain Advisory","29-JUL-16","30-JUL-16","2","100","24","24","RAINFALL","-","PREEMPT","-","STORM","-"
"NY","BRONX","2016","NY582799","DANISH AMERICAN BEACH CLUB","No advisory or closure","Y","21NYBCH|NY582799-01","476746","Rain Advisory","29-JUL-16","30-JUL-16","2","100","24","24","RAINFALL","-","PREEMPT","-","CSO","-"
"NY","BRONX","2016","NY582799","DANISH AMERICAN BEACH CLUB","No advisory or closure","Y","21NYBCH|NY582799-01","476744","Rain Advisory","05-JUL-16","06-JUL-16","2","100","24","24","RAINFALL","-","PREEMPT","-","STORM","-"
"NY","WESTCHESTER","2016","NY352572","DAVENPORT CLUB","No advisory or closure","Y","21NYBCH|NY352572-01","476519","Closure","29-JUL-16","31-JUL-16","2","100","24","24","SEWAGE","-","PREEMPT","-","RUNOFF","-"
"NY","WESTCHESTER","2016","NY352572","DAVENPORT CLUB","No advisory or closure","Y","21NYBCH|NY352572-01","476517","Closure","28-JUN-16","01-JUL-16","3","100","24","24","RAINFALL","-","PREEMPT","-","STORM","-"
"NY","WESTCHESTER","2016","NY352572","DAVENPORT CLUB","No advisory or closure","Y","21NYBCH|NY352572-01","476518","Closure","05-JUL-16","06-JUL-16","2","100","24","24","RAINFALL","-","PREEMPT","-","STORM","-"
"NY","QUEENS","2016","NY888426","DOUGLASTON HOMEOWNERS ASSOCIATION","No advisory or closure","Y","21NYBCH|NY888426-01","476938","Contamination Advisory","09-JUN-16","15-JUN-16","7","100","24","24","ELEV_BACT","-","ENTERO","-","STORM","-"
"NY","QUEENS","2016","NY888426","DOUGLASTON HOMEOWNERS ASSOCIATION","No advisory or closure","Y","21NYBCH|NY888426-01","476938","Contamination Advisory","09-JUN-16","15-JUN-16","7","100","24","24","ELEV_BACT","-","ENTERO","-","SEPTIC","-"
"NY","QUEENS","2016","NY888426","DOUGLASTON HOMEOWNERS ASSOCIATION","No advisory or closure","Y","21NYBCH|NY888426-01","476939","Contamination Advisory","23-JUN-16","29-JUN-16","7","100","24","24","ELEV_BACT","-","ENTERO","-","SEPTIC","-"
"NY","QUEENS","2016","NY888426","DOUGLASTON HOMEOWNERS ASSOCIATION","No advisory or closure","Y","21NYBCH|NY888426-01","476939","Contamination Advisory","23-JUN-16","29-JUN-16","7","100","24","24","ELEV_BACT","-","ENTERO","-","STORM","-"
"NY","QUEENS","2016","NY888426","DOUGLASTON HOMEOWNERS ASSOCIATION","No advisory or closure","Y","21NYBCH|NY888426-01","476939","Contamination Advisory","23-JUN-16","29-JUN-16","7","100","24","24","ELEV_BACT","-","ENTERO","-","CSO","-"
"NY","QUEENS","2016","NY888426","DOUGLASTON HOMEOWNERS ASSOCIATION","No advisory or closure","Y","21NYBCH|NY888426-01","476940","Rain Advisory","05-JUL-16","07-JUL-16","3","100","24","24","RAINFALL","-","PREEMPT","-","SEPTIC","-"
"NY","QUEENS","2016","NY888426","DOUGLASTON HOMEOWNERS ASSOCIATION","No advisory or closure","Y","21NYBCH|NY888426-01","476940","Rain Advisory","05-JUL-16","07-JUL-16","3","100","24","24","RAINFALL","-","PREEMPT","-","STORM","-"
"NY","QUEENS","2016","NY888426","DOUGLASTON HOMEOWNERS ASSOCIATION","No advisory or closure","Y","21NYBCH|NY888426-01","476940","Rain Advisory","05-JUL-16","07-JUL-16","3","100","24","24","RAINFALL","-","PREEMPT","-","CSO","-"
"NY","QUEENS","2016","NY888426","DOUGLASTON HOMEOWNERS ASSOCIATION","No advisory or closure","Y","21NYBCH|NY888426-01","476941","Rain Advisory","15-JUL-16","15-JUL-16","1","100","24","24","RAINFALL","-","PREEMPT","-","SEPTIC","-"
"NY","QUEENS","2016","NY888426","DOUGLASTON HOMEOWNERS ASSOCIATION","No advisory or closure","Y","21NYBCH|NY888426-01","476941","Rain Advisory","15-JUL-16","15-JUL-16","1","100","24","24","RAINFALL","-","PREEMPT","-","STORM","-"
"NY","QUEENS","2016","NY888426","DOUGLASTON HOMEOWNERS ASSOCIATION","No advisory or closure","Y","21NYBCH|NY888426-01","476941","Rain Advisory","15-JUL-16","15-JUL-16","1","100","24","24","RAINFALL","-","PREEMPT","-","CSO","-"
"NY","QUEENS","2016","NY888426","DOUGLASTON HOMEOWNERS ASSOCIATION","No advisory or closure","Y","21NYBCH|NY888426-01","476942","Rain Advisory","26-JUL-16","27-JUL-16","2","100","24","24","RAINFALL","-","PREEMPT","-","SEPTIC","-"
"NY","QUEENS","2016","NY888426","DOUGLASTON HOMEOWNERS ASSOCIATION","No advisory or closure","Y","21NYBCH|NY888426-01","476942","Rain Advisory","26-JUL-16","27-JUL-16","2","100","24","24","RAINFALL","-","PREEMPT","-","STORM","-"
"NY","QUEENS","2016","NY888426","DOUGLASTON HOMEOWNERS ASSOCIATION","No advisory or closure","Y","21NYBCH|NY888426-01","476942","Rain Advisory","26-JUL-16","27-JUL-16","2","100","24","24","RAINFALL","-","PREEMPT","-","CSO","-"
"NY","QUEENS","2016","NY888426","DOUGLASTON HOMEOWNERS ASSOCIATION","No advisory or closure","Y","21NYBCH|NY888426-01","476938","Contamination Advisory","09-JUN-16","15-JUN-16","7","100","24","24","ELEV_BACT","-","ENTERO","-","CSO","-"
"NY","QUEENS","2016","NY888426","DOUGLASTON HOMEOWNERS ASSOCIATION","No advisory or closure","Y","21NYBCH|NY888426-01","476937","Closure","03-JUN-16","08-JUN-16","6","100","24","24","ELEV_BACT","-","ENTERO","-","SEPTIC","-"
"NY","QUEENS","2016","NY888426","DOUGLASTON HOMEOWNERS ASSOCIATION","No advisory or closure","Y","21NYBCH|NY888426-01","476937","Closure","03-JUN-16","08-JUN-16","6","100","24","24","ELEV_BACT","-","ENTERO","-","STORM","-"
"NY","QUEENS","2016","NY888426","DOUGLASTON HOMEOWNERS ASSOCIATION","No advisory or closure","Y","21NYBCH|NY888426-01","476937","Closure","03-JUN-16","08-JUN-16","6","100","24","24","ELEV_BACT","-","ENTERO","-","CSO","-"
"NY","MONROE","2016","NY412748","DURAND BEACH","No advisory or closure","N","21NYBCH|NY412748-02","476574","Contamination Advisory","27-JUL-16","28-JUL-16","1","100","24","24","ELEV_BACT","-","ECOLI","-","UNKNOWN","-"
"NY","MONROE","2016","NY412748","DURAND BEACH","No advisory or closure","N","21NYBCH|NY412748-02","476573","Contamination Advisory","17-JUL-16","18-JUL-16","2","100","24","24","ELEV_BACT","-","ECOLI","-","UNKNOWN","-"
"NY","MONROE","2016","NY412748","DURAND BEACH","No advisory or closure","N","21NYBCH|NY412748-02","476572","Contamination Advisory","11-JUL-16","12-JUL-16","1","100","24","24","ELEV_BACT","-","ECOLI","-","UNKNOWN","-"
"NY","MONROE","2016","NY412748","DURAND BEACH","No advisory or closure","N","21NYBCH|NY412748-02","476571","Contamination Advisory","29-JUN-16","30-JUN-16","1","100","24","24","ELEV_BACT","-","ECOLI","-","UNKNOWN","-"
"NY","MONROE","2016","NY412748","DURAND BEACH","No advisory or closure","N","21NYBCH|NY412748-02","476570","Contamination Advisory","22-JUN-16","24-JUN-16","3","100","24","24","ELEV_BACT","-","ECOLI","-","UNKNOWN","-"
"NY","SUFFOLK","2016","NY134025","EAGLE DOCK COMMUNITY BEACH","No advisory or closure","Y","21NYBCH|NY134025-01","476429","Rain Advisory","05-JUL-16","06-JUL-16","1","100","24","24","RAINFALL","-","PREEMPT","-","STORM","-"
"NY","SUFFOLK","2016","NY134025","EAGLE DOCK COMMUNITY BEACH","No advisory or closure","Y","21NYBCH|NY134025-01","476430","Rain Advisory","29-JUL-16","30-JUL-16","2","100","24","24","RAINFALL","-","PREEMPT","-","STORM","-"
"NY","SUFFOLK","2016","NY511181","EAST ISLIP BEACH","No advisory or closure","Y","21NYBCH|NY511181-01","476680","Rain Advisory","05-JUL-16","06-JUL-16","1","100","24","24","RAINFALL","-","PREEMPT","-","STORM","-"
"NY","SUFFOLK","2016","NY511181","EAST ISLIP BEACH","No advisory or closure","Y","21NYBCH|NY511181-01","476681","Rain Advisory","29-JUL-16","30-JUL-16","2","100","24","24","RAINFALL","-","PREEMPT","-","STORM","-"
"NY","WESTCHESTER","2016","NY077883","ECHO BAY YACHT CLUB","No advisory or closure","Y","21NYBCH|NY077883-01","476388","Closure","28-JUN-16","01-JUL-16","3","100","24","24","RAINFALL","-","PREEMPT","-","STORM","-"
"NY","WESTCHESTER","2016","NY077883","ECHO BAY YACHT CLUB","No advisory or closure","Y","21NYBCH|NY077883-01","476391","Closure","29-JUL-16","31-JUL-16","2","100","24","24","SEWAGE","-","PREEMPT","-","RUNOFF","-"
"NY","WESTCHESTER","2016","NY077883","ECHO BAY YACHT CLUB","No advisory or closure","Y","21NYBCH|NY077883-01","476390","Contamination Advisory","27-JUL-16","29-JUL-16","2","100","24","24","ELEV_BACT","-","ENTERO","-","UNKNOWN","-"
"NY","WESTCHESTER","2016","NY077883","ECHO BAY YACHT CLUB","No advisory or closure","Y","21NYBCH|NY077883-01","476389","Closure","05-JUL-16","06-JUL-16","2","100","24","24","RAINFALL","-","PREEMPT","-","STORM","-"
"NY","ERIE","2016","NY271506","EVANGOLA STATE PARK BEACH","No advisory or closure","Y","21NYBCH|NY271506-01","476482","Closure","14-JUL-16","15-JUL-16","1","100","24","24","ELEV_BACT","-","ECOLI","-","UNKNOWN","-"
"NY","ERIE","2016","NY307714","EVANS TOWN PARK","No advisory or closure","Y","21NYBCH|NY307714-01","476492","Closure","18-JUL-16","19-JUL-16","1","100","24","24","MODEL","-","PREEMPT","-","UNKNOWN","-"
"NY","ERIE","2016","NY307714","EVANS TOWN PARK","No advisory or closure","Y","21NYBCH|NY307714-01","476493","Closure","25-JUL-16","27-JUL-16","2","100","24","24","MODEL","-","PREEMPT","-","UNKNOWN","-"
"NY","SUFFOLK","2016","NY406101","FLEETS COVE BEACH","No advisory or closure","Y","21NYBCH|NY406101-01","476568","Rain Advisory","05-JUL-16","06-JUL-16","1","100","24","24","RAINFALL","-","PREEMPT","-","STORM","-"
"NY","SUFFOLK","2016","NY406101","FLEETS COVE BEACH","No advisory or closure","Y","21NYBCH|NY406101-01","476569","Rain Advisory","29-JUL-16","30-JUL-16","2","100","24","24","RAINFALL","-","PREEMPT","-","STORM","-"
"NY","SUFFOLK","2016","NY344249","FRIENDSHIP DRIVE BEACH","No advisory or closure","Y","21NYBCH|NY344249-01","476502","Rain Advisory","05-JUL-16","06-JUL-16","1","100","24","24","RAINFALL","-","PREEMPT","-","STORM","-"
"NY","SUFFOLK","2016","NY344249","FRIENDSHIP DRIVE BEACH","No advisory or closure","Y","21NYBCH|NY344249-01","476503","Rain Advisory","29-JUL-16","30-JUL-16","2","100","24","24","RAINFALL","-","PREEMPT","-","STORM","-"
"NY","KINGS","2016","NY630087","GERRITSEN/KIDDIE BEACH","No advisory or closure","Y","21NYBCH|NY630087-01","476817","Rain Advisory","09-JUN-16","09-JUN-16","1","100","24","24","RAINFALL","-","PREEMPT","-","STORM","-"
"NY","KINGS","2016","NY630087","GERRITSEN/KIDDIE BEACH","No advisory or closure","Y","21NYBCH|NY630087-01","476822","Contamination Advisory","28-JUL-16","29-JUL-16","2","100","24","24","ELEV_BACT","-","ENTERO","-","STORM","-"
"NY","KINGS","2016","NY630087","GERRITSEN/KIDDIE BEACH","No advisory or closure","Y","21NYBCH|NY630087-01","476821","Rain Advisory","26-JUL-16","27-JUL-16","2","100","24","24","RAINFALL","-","PREEMPT","-","CSO","-"
"NY","KINGS","2016","NY630087","GERRITSEN/KIDDIE BEACH","No advisory or closure","Y","21NYBCH|NY630087-01","476821","Rain Advisory","26-JUL-16","27-JUL-16","2","100","24","24","RAINFALL","-","PREEMPT","-","STORM","-"
"NY","KINGS","2016","NY630087","GERRITSEN/KIDDIE BEACH","No advisory or closure","Y","21NYBCH|NY630087-01","476820","Contamination Advisory","07-JUL-16","12-JUL-16","6","100","24","24","ELEV_BACT","-","ENTERO","-","CSO","-"
"NY","KINGS","2016","NY630087","GERRITSEN/KIDDIE BEACH","No advisory or closure","Y","21NYBCH|NY630087-01","476820","Contamination Advisory","07-JUL-16","12-JUL-16","6","100","24","24","ELEV_BACT","-","ENTERO","-","STORM","-"
"NY","KINGS","2016","NY630087","GERRITSEN/KIDDIE BEACH","No advisory or closure","Y","21NYBCH|NY630087-01","476819","Rain Advisory","05-JUL-16","06-JUL-16","2","100","24","24","RAINFALL","-","PREEMPT","-","CSO","-"
"NY","KINGS","2016","NY630087","GERRITSEN/KIDDIE BEACH","No advisory or closure","Y","21NYBCH|NY630087-01","476819","Rain Advisory","05-JUL-16","06-JUL-16","2","100","24","24","RAINFALL","-","PREEMPT","-","STORM","-"
"NY","KINGS","2016","NY630087","GERRITSEN/KIDDIE BEACH","No advisory or closure","Y","21NYBCH|NY630087-01","476816","Rain Advisory","06-JUN-16","07-JUN-16","2","100","24","24","RAINFALL","-","PREEMPT","-","STORM","-"
"NY","KINGS","2016","NY630087","GERRITSEN/KIDDIE BEACH","No advisory or closure","Y","21NYBCH|NY630087-01","476816","Rain Advisory","06-JUN-16","07-JUN-16","2","100","24","24","RAINFALL","-","PREEMPT","-","CSO","-"
"NY","KINGS","2016","NY630087","GERRITSEN/KIDDIE BEACH","No advisory or closure","Y","21NYBCH|NY630087-01","476822","Contamination Advisory","28-JUL-16","29-JUL-16","2","100","24","24","ELEV_BACT","-","ENTERO","-","CSO","-"
"NY","KINGS","2016","NY630087","GERRITSEN/KIDDIE BEACH","No advisory or closure","Y","21NYBCH|NY630087-01","476817","Rain Advisory","09-JUN-16","09-JUN-16","1","100","24","24","RAINFALL","-","PREEMPT","-","CSO","-"
"NY","KINGS","2016","NY630087","GERRITSEN/KIDDIE BEACH","No advisory or closure","Y","21NYBCH|NY630087-01","476818","Rain Advisory","02-JUL-16","02-JUL-16","1","100","24","24","RAINFALL","-","PREEMPT","-","STORM","-"
"NY","KINGS","2016","NY630087","GERRITSEN/KIDDIE BEACH","No advisory or closure","Y","21NYBCH|NY630087-01","476818","Rain Advisory","02-JUL-16","02-JUL-16","1","100","24","24","RAINFALL","-","PREEMPT","-","CSO","-"
"NY","SUFFOLK","2016","NY168522","GOLD STAR BATTALION BEACH","No advisory or closure","Y","21NYBCH|NY168522-01","476443","Rain Advisory","29-JUL-16","30-JUL-16","2","100","24","24","RAINFALL","-","PREEMPT","-","STORM","-"
"NY","SUFFOLK","2016","NY168522","GOLD STAR BATTALION BEACH","No advisory or closure","Y","21NYBCH|NY168522-01","476442","Rain Advisory","05-JUL-16","06-JUL-16","1","100","24","24","RAINFALL","-","PREEMPT","-","STORM","-"
"NY","SUFFOLK","2016","NY851326","GRANTLAND BEACH","No advisory or closure","Y","21NYBCH|NY851326-01","476929","Rain Advisory","29-JUL-16","30-JUL-16","2","100","24","24","RAINFALL","-","PREEMPT","-","STORM","-"
"NY","SUFFOLK","2016","NY851326","GRANTLAND BEACH","No advisory or closure","Y","21NYBCH|NY851326-01","476928","Closure","18-JUL-16","21-JUL-16","4","100","24","24","ELEV_BACT","-","ENTERO","-","STORM","-"
"NY","SUFFOLK","2016","NY851326","GRANTLAND BEACH","No advisory or closure","Y","21NYBCH|NY851326-01","476927","Rain Advisory","05-JUL-16","06-JUL-16","1","100","24","24","RAINFALL","-","PREEMPT","-","STORM","-"
"NY","WESTCHESTER","2016","NY255139","GREENTREE CLUB","No advisory or closure","Y","21NYBCH|NY255139-01","476473","Closure","29-JUL-16","31-JUL-16","2","100","24","24","SEWAGE","-","PREEMPT","-","RUNOFF","-"
"NY","WESTCHESTER","2016","NY255139","GREENTREE CLUB","No advisory or closure","Y","21NYBCH|NY255139-01","476472","Closure","05-JUL-16","06-JUL-16","2","100","24","24","RAINFALL","-","PREEMPT","-","STORM","-"
"NY","WESTCHESTER","2016","NY255139","GREENTREE CLUB","No advisory or closure","Y","21NYBCH|NY255139-01","476471","Closure","28-JUN-16","01-JUL-16","3","100","24","24","RAINFALL","-","PREEMPT","-","STORM","-"
"NY","ERIE","2016","NY569623","HAMBURG BATHING BEACH","No advisory or closure","Y","21NYBCH|NY569623-01","476729","Closure","02-JUL-16","03-JUL-16","1","100","24","24","MODEL","-","PREEMPT","-","UNKNOWN","-"
"NY","ERIE","2016","NY569623","HAMBURG BATHING BEACH","No advisory or closure","Y","21NYBCH|NY569623-01","476733","Closure","26-JUL-16","28-JUL-16","2","100","24","24","MODEL","-","PREEMPT","-","UNKNOWN","-"
"NY","ERIE","2016","NY569623","HAMBURG BATHING BEACH","No advisory or closure","Y","21NYBCH|NY569623-01","476731","Closure","18-JUL-16","19-JUL-16","2","100","24","24","MODEL","-","PREEMPT","-","UNKNOWN","-"
"NY","ERIE","2016","NY569623","HAMBURG BATHING BEACH","No advisory or closure","Y","21NYBCH|NY569623-01","476732","Closure","22-JUL-16","23-JUL-16","1","100","24","24","MODEL","-","PREEMPT","-","UNKNOWN","-"
"NY","ERIE","2016","NY569623","HAMBURG BATHING BEACH","No advisory or closure","Y","21NYBCH|NY569623-01","476725","Closure","07-JUN-16","09-JUN-16","2","100","24","24","MODEL","-","PREEMPT","-","RUNOFF","-"
"NY","ERIE","2016","NY569623","HAMBURG BATHING BEACH","No advisory or closure","Y","21NYBCH|NY569623-01","476726","Closure","10-JUN-16","11-JUN-16","1","100","24","24","MODEL","-","PREEMPT","-","UNKNOWN","-"
"NY","ERIE","2016","NY569623","HAMBURG BATHING BEACH","No advisory or closure","Y","21NYBCH|NY569623-01","476727","Closure","21-JUN-16","23-JUN-16","2","100","24","24","MODEL","-","PREEMPT","-","UNKNOWN","-"
"NY","ERIE","2016","NY569623","HAMBURG BATHING BEACH","No advisory or closure","Y","21NYBCH|NY569623-01","476728","Closure","27-JUN-16","28-JUN-16","1","100","24","24","MODEL","-","PREEMPT","-","UNKNOWN","-"
"NY","ERIE","2016","NY569623","HAMBURG BATHING BEACH","No advisory or closure","Y","21NYBCH|NY569623-01","476730","Closure","10-JUL-16","11-JUL-16","1","100","24","24","MODEL","-","PREEMPT","-","UNKNOWN","-"
"NY","MONROE","2016","NY238390","HAMLIN BEACH STATE PARK - H3","No advisory or closure","Y","21NYBCH|NY238390-01","476464","Closure","30-JUN-16","01-JUL-16","2","100","24","24","ELEV_BACT","-","ECOLI","-","STORM","-"
"NY","WESTCHESTER","2016","NY937940","HARBOR ISLAND BEACH","No advisory or closure","Y","21NYBCH|NY937940-01","476967","Closure","05-JUL-16","06-JUL-16","2","100","24","24","RAINFALL","-","PREEMPT","-","STORM","-"
"NY","WESTCHESTER","2016","NY937940","HARBOR ISLAND BEACH","No advisory or closure","Y","21NYBCH|NY937940-01","476968","Closure","29-JUL-16","31-JUL-16","2","100","24","24","SEWAGE","-","PREEMPT","-","RUNOFF","-"
"NY","WESTCHESTER","2016","NY937940","HARBOR ISLAND BEACH","No advisory or closure","Y","21NYBCH|NY937940-01","476965","Contamination Advisory","07-JUN-16","09-JUN-16","2","100","24","24","ELEV_BACT","-","ENTERO","-","UNKNOWN","-"
"NY","WESTCHESTER","2016","NY937940","HARBOR ISLAND BEACH","No advisory or closure","Y","21NYBCH|NY937940-01","476966","Closure","28-JUN-16","01-JUL-16","3","100","24","24","RAINFALL","-","PREEMPT","-","STORM","-"
"NY","SUFFOLK","2016","NY386625","HAVEN'S BEACH","No advisory or closure","Y","21NYBCH|NY386625-01","476553","Rain Advisory","29-JUL-16","30-JUL-16","2","100","24","24","RAINFALL","-","PREEMPT","-","STORM","-"
"NY","SUFFOLK","2016","NY386625","HAVEN'S BEACH","No advisory or closure","Y","21NYBCH|NY386625-01","476552","Rain Advisory","05-JUL-16","06-JUL-16","1","100","24","24","RAINFALL","-","PREEMPT","-","STORM","-"
"NY","SUFFOLK","2016","NY370065","HEAD OF THE BAY CLUB","No advisory or closure","Y","21NYBCH|NY370065-01","476536","Rain Advisory","05-JUL-16","06-JUL-16","1","100","24","24","RAINFALL","-","PREEMPT","-","STORM","-"
"NY","SUFFOLK","2016","NY370065","HEAD OF THE BAY CLUB","No advisory or closure","Y","21NYBCH|NY370065-01","476537","Rain Advisory","29-JUL-16","30-JUL-16","2","100","24","24","RAINFALL","-","PREEMPT","-","STORM","-"
"NY","NASSAU","2016","NY585012","HEWLETT BEACH","No advisory or closure","Y","21NYBCH|NY585012-01","476752","Rain Advisory","29-JUL-16","30-JUL-16","1","100","24","24","RAINFALL","-","PREEMPT","-","STORM","-"
"NY","NASSAU","2016","NY585012","HEWLETT BEACH","No advisory or closure","Y","21NYBCH|NY585012-01","476751","Rain Advisory","26-JUL-16","27-JUL-16","1","100","24","24","RAINFALL","-","PREEMPT","-","STORM","-"
"NY","NASSAU","2016","NY585012","HEWLETT BEACH","No advisory or closure","Y","21NYBCH|NY585012-01","476750","Rain Advisory","05-JUL-16","06-JUL-16","1","100","24","24","RAINFALL","-","PREEMPT","-","STORM","-"
"NY","NASSAU","2016","NY585012","HEWLETT BEACH","No advisory or closure","Y","21NYBCH|NY585012-01","476748","Rain Advisory","28-JUN-16","29-JUN-16","1","100","24","24","RAINFALL","-","PREEMPT","-","STORM","-"
"NY","NASSAU","2016","NY585012","HEWLETT BEACH","No advisory or closure","Y","21NYBCH|NY585012-01","476749","Rain Advisory","02-JUL-16","03-JUL-16","1","100","24","24","RAINFALL","-","PREEMPT","-","STORM","-"
"NY","SUFFOLK","2016","NY477769","HOBART BEACH - BAY","No advisory or closure","Y","21NYBCH|NY477769-01","476635","Rain Advisory","29-JUL-16","30-JUL-16","2","100","24","24","RAINFALL","-","PREEMPT","-","STORM","-"
"NY","SUFFOLK","2016","NY477769","HOBART BEACH - BAY","No advisory or closure","Y","21NYBCH|NY477769-01","476634","Rain Advisory","05-JUL-16","06-JUL-16","1","100","24","24","RAINFALL","-","PREEMPT","-","STORM","-"
"NY","SUFFOLK","2016","NY875624","HOBART BEACH - INLET","No advisory or closure","Y","21NYBCH|NY875624-01","476935","Rain Advisory","29-JUL-16","30-JUL-16","2","100","24","24","RAINFALL","-","PREEMPT","-","STORM","-"
"NY","SUFFOLK","2016","NY875624","HOBART BEACH - INLET","No advisory or closure","Y","21NYBCH|NY875624-01","476934","Rain Advisory","05-JUL-16","06-JUL-16","1","100","24","24","RAINFALL","-","PREEMPT","-","STORM","-"
"NY","WESTCHESTER","2016","NY092168","HUDSON PARK","No advisory or closure","Y","21NYBCH|NY092168-01","476397","Closure","05-JUL-16","06-JUL-16","2","100","24","24","RAINFALL","-","PREEMPT","-","STORM","-"
"NY","WESTCHESTER","2016","NY092168","HUDSON PARK","No advisory or closure","Y","21NYBCH|NY092168-01","476396","Closure","28-JUN-16","01-JUL-16","3","100","24","24","RAINFALL","-","PREEMPT","-","STORM","-"
"NY","WESTCHESTER","2016","NY092168","HUDSON PARK","No advisory or closure","Y","21NYBCH|NY092168-01","476395","Contamination Advisory","07-JUN-16","09-JUN-16","2","100","24","24","ELEV_BACT","-","ENTERO","-","UNKNOWN","-"
"NY","WESTCHESTER","2016","NY092168","HUDSON PARK","No advisory or closure","Y","21NYBCH|NY092168-01","476398","Closure","29-JUL-16","31-JUL-16","2","100","24","24","SEWAGE","-","PREEMPT","-","RUNOFF","-"
"NY","SUFFOLK","2016","NY301679","HUNTINGTON BEACH COMMUNITY ASSOC.","No advisory or closure","Y","21NYBCH|NY301679-01","476489","Rain Advisory","29-JUL-16","30-JUL-16","2","100","24","24","RAINFALL","-","PREEMPT","-","STORM","-"
"NY","SUFFOLK","2016","NY301679","HUNTINGTON BEACH COMMUNITY ASSOC.","No advisory or closure","Y","21NYBCH|NY301679-01","476488","Rain Advisory","05-JUL-16","06-JUL-16","1","100","24","24","RAINFALL","-","PREEMPT","-","STORM","-"
"NY","NASSAU","2016","NY159820","INC. VILLAGE OF LAUREL HOLLOW","No advisory or closure","Y","21NYBCH|NY159820-01","476433","Rain Advisory","02-JUL-16","03-JUL-16","1","100","24","24","RAINFALL","-","PREEMPT","-","STORM","-"
"NY","NASSAU","2016","NY159820","INC. VILLAGE OF LAUREL HOLLOW","No advisory or closure","Y","21NYBCH|NY159820-01","476437","Rain Advisory","29-JUL-16","30-JUL-16","1","100","24","24","RAINFALL","-","PREEMPT","-","STORM","-"
"NY","NASSAU","2016","NY159820","INC. VILLAGE OF LAUREL HOLLOW","No advisory or closure","Y","21NYBCH|NY159820-01","476436","Rain Advisory","26-JUL-16","27-JUL-16","1","100","24","24","RAINFALL","-","PREEMPT","-","STORM","-"
"NY","NASSAU","2016","NY159820","INC. VILLAGE OF LAUREL HOLLOW","No advisory or closure","Y","21NYBCH|NY159820-01","476435","Rain Advisory","08-JUL-16","09-JUL-16","1","100","24","24","RAINFALL","-","PREEMPT","-","STORM","-"
"NY","NASSAU","2016","NY159820","INC. VILLAGE OF LAUREL HOLLOW","No advisory or closure","Y","21NYBCH|NY159820-01","476434","Rain Advisory","05-JUL-16","06-JUL-16","1","100","24","24","RAINFALL","-","PREEMPT","-","STORM","-"
"NY","SUFFOLK","2016","NY835985","INDIAN FIELD BEACH","No advisory or closure","Y","21NYBCH|NY835985-01","476911","Rain Advisory","29-JUL-16","30-JUL-16","2","100","24","24","RAINFALL","-","PREEMPT","-","STORM","-"
"NY","SUFFOLK","2016","NY835985","INDIAN FIELD BEACH","No advisory or closure","Y","21NYBCH|NY835985-01","476910","Rain Advisory","05-JUL-16","06-JUL-16","1","100","24","24","RAINFALL","-","PREEMPT","-","STORM","-"
"NY","NASSAU","2016","NY454907","ISLAND PARK BEACH","No advisory or closure","Y","21NYBCH|NY454907-01","476615","Rain Advisory","05-JUL-16","06-JUL-16","1","100","24","24","RAINFALL","-","PREEMPT","-","STORM","-"
"NY","NASSAU","2016","NY454907","ISLAND PARK BEACH","No advisory or closure","Y","21NYBCH|NY454907-01","476617","Rain Advisory","29-JUL-16","30-JUL-16","1","100","24","24","RAINFALL","-","PREEMPT","-","STORM","-"
"NY","NASSAU","2016","NY454907","ISLAND PARK BEACH","No advisory or closure","Y","21NYBCH|NY454907-01","476614","Rain Advisory","02-JUL-16","03-JUL-16","1","100","24","24","RAINFALL","-","PREEMPT","-","STORM","-"
"NY","NASSAU","2016","NY454907","ISLAND PARK BEACH","No advisory or closure","Y","21NYBCH|NY454907-01","476613","Rain Advisory","28-JUN-16","29-JUN-16","1","100","24","24","RAINFALL","-","PREEMPT","-","STORM","-"
"NY","NASSAU","2016","NY454907","ISLAND PARK BEACH","No advisory or closure","Y","21NYBCH|NY454907-01","476616","Rain Advisory","26-JUL-16","27-JUL-16","1","100","24","24","RAINFALL","-","PREEMPT","-","STORM","-"
"NY","SUFFOLK","2016","NY365886","ISLIP BEACH","No advisory or closure","Y","21NYBCH|NY365886-01","476533","Rain Advisory","05-JUL-16","06-JUL-16","1","100","24","24","RAINFALL","-","PREEMPT","-","STORM","-"
"NY","SUFFOLK","2016","NY365886","ISLIP BEACH","No advisory or closure","Y","21NYBCH|NY365886-01","476534","Rain Advisory","29-JUL-16","30-JUL-16","2","100","24","24","RAINFALL","-","PREEMPT","-","STORM","-"
"NY","NASSAU","2016","NY750252","JONES BEACH STATE PARK - ZACHS BAY","No advisory or closure","Y","21NYBCH|NY750252-01","476871","Closure","29-JUL-16","31-JUL-16","2","100","24","24","ELEV_BACT","-","ENTERO","-","UNKNOWN","-"
"NY","NASSAU","2016","NY750252","JONES BEACH STATE PARK - ZACHS BAY","No advisory or closure","Y","21NYBCH|NY750252-01","476870","Closure","27-JUL-16","28-JUL-16","2","100","24","24","ELEV_BACT","-","ENTERO","-","STORM","-"
"NY","KINGS","2016","NY907198","KINGSBOROUGH COMMUNITY COLLEGE","No advisory or closure","Y","21NYBCH|NY907198-01","476954","Contamination Advisory","15-JUN-16","21-JUN-16","7","100","24","24","ELEV_BACT","-","ENTERO","-","STORM","-"
"NY","KINGS","2016","NY907198","KINGSBOROUGH COMMUNITY COLLEGE","No advisory or closure","Y","21NYBCH|NY907198-01","476954","Contamination Advisory","15-JUN-16","21-JUN-16","7","100","24","24","ELEV_BACT","-","ENTERO","-","CSO","-"
"NY","KINGS","2016","NY907198","KINGSBOROUGH COMMUNITY COLLEGE","No advisory or closure","Y","21NYBCH|NY907198-01","476955","Closure","22-JUN-16","28-JUN-16","7","100","24","24","ELEV_BACT","-","ENTERO","-","STORM","-"
"NY","KINGS","2016","NY907198","KINGSBOROUGH COMMUNITY COLLEGE","No advisory or closure","Y","21NYBCH|NY907198-01","476955","Closure","22-JUN-16","28-JUN-16","7","100","24","24","ELEV_BACT","-","ENTERO","-","CSO","-"
"NY","KINGS","2016","NY907198","KINGSBOROUGH COMMUNITY COLLEGE","No advisory or closure","Y","21NYBCH|NY907198-01","476956","Contamination Advisory","29-JUN-16","19-JUL-16","21","100","24","24","ELEV_BACT","-","ENTERO","-","STORM","-"
"NY","KINGS","2016","NY907198","KINGSBOROUGH COMMUNITY COLLEGE","No advisory or closure","Y","21NYBCH|NY907198-01","476956","Contamination Advisory","29-JUN-16","19-JUL-16","21","100","24","24","ELEV_BACT","-","ENTERO","-","CSO","-"
"NY","SUFFOLK","2016","NY843314","KNOLLWOOD BEACH","No advisory or closure","Y","21NYBCH|NY843314-01","476917","Rain Advisory","05-JUL-16","06-JUL-16","1","100","24","24","RAINFALL","-","PREEMPT","-","STORM","-"
"NY","SUFFOLK","2016","NY843314","KNOLLWOOD BEACH","No advisory or closure","Y","21NYBCH|NY843314-01","476918","Rain Advisory","29-JUL-16","30-JUL-16","2","100","24","24","RAINFALL","-","PREEMPT","-","STORM","-"
"NY","NIAGARA","2016","NY346072","KRULL PARK (OLCOTT BEACH)","No advisory or closure","N","21NYBCH|NY346072-01","476505","Closure","22-JUN-16","23-JUN-16","1","100","24","24","ELEV_BACT","-","ECOLI","-","STORM","-"
"NY","NIAGARA","2016","NY346072","KRULL PARK (OLCOTT BEACH)","No advisory or closure","N","21NYBCH|NY346072-01","476506","Closure","27-JUL-16","28-JUL-16","1","100","24","24","ELEV_BACT","-","ECOLI","-","STORM","-"
"NY","ERIE","2016","NY839114","LAKE ERIE BEACH","No advisory or closure","Y","21NYBCH|NY839114-01","476912","Closure","18-JUL-16","19-JUL-16","1","100","24","24","MODEL","-","PREEMPT","-","UNKNOWN","-"
"NY","ERIE","2016","NY839114","LAKE ERIE BEACH","No advisory or closure","Y","21NYBCH|NY839114-01","476913","Closure","25-JUL-16","26-JUL-16","1","100","24","24","MODEL","-","PREEMPT","-","UNKNOWN","-"
"NY","NASSAU","2016","NY753946","LATTINGTOWN BEACH","No advisory or closure","Y","21NYBCH|NY753946-01","476875","Rain Advisory","05-JUL-16","06-JUL-16","1","100","24","24","RAINFALL","-","PREEMPT","-","STORM","-"
"NY","NASSAU","2016","NY753946","LATTINGTOWN BEACH","No advisory or closure","Y","21NYBCH|NY753946-01","476873","Closure","04-JUN-16","10-JUN-16","6","100","24","24","ELEV_BACT","-","ENTERO","-","UNKNOWN","-"
"NY","NASSAU","2016","NY753946","LATTINGTOWN BEACH","No advisory or closure","Y","21NYBCH|NY753946-01","476876","Rain Advisory","08-JUL-16","09-JUL-16","1","100","24","24","RAINFALL","-","PREEMPT","-","STORM","-"
"NY","NASSAU","2016","NY753946","LATTINGTOWN BEACH","No advisory or closure","Y","21NYBCH|NY753946-01","476877","Rain Advisory","29-JUL-16","30-JUL-16","1","100","24","24","RAINFALL","-","PREEMPT","-","STORM","-"
"NY","NASSAU","2016","NY753946","LATTINGTOWN BEACH","No advisory or closure","Y","21NYBCH|NY753946-01","476874","Rain Advisory","02-JUL-16","03-JUL-16","1","100","24","24","RAINFALL","-","PREEMPT","-","STORM","-"
"NY","SUFFOLK","2016","NY668366","LITTLE BAY BEACH","No advisory or closure","Y","21NYBCH|NY668366-01","476844","Rain Advisory","05-JUL-16","06-JUL-16","1","100","24","24","RAINFALL","-","PREEMPT","-","STORM","-"
"NY","SUFFOLK","2016","NY668366","LITTLE BAY BEACH","No advisory or closure","Y","21NYBCH|NY668366-01","476845","Rain Advisory","29-JUL-16","30-JUL-16","2","100","24","24","RAINFALL","-","PREEMPT","-","STORM","-"
"NY","SUFFOLK","2016","NY171464","LLOYD HARBOR VILLAGE PARK","No advisory or closure","Y","21NYBCH|NY171464-01","476448","Rain Advisory","05-JUL-16","06-JUL-16","1","100","24","24","RAINFALL","-","PREEMPT","-","STORM","-"
"NY","SUFFOLK","2016","NY171464","LLOYD HARBOR VILLAGE PARK","No advisory or closure","Y","21NYBCH|NY171464-01","476449","Rain Advisory","29-JUL-16","30-JUL-16","2","100","24","24","RAINFALL","-","PREEMPT","-","STORM","-"
"NY","SUFFOLK","2016","NY921942","LLOYD NECK BATH CLUB","No advisory or closure","Y","21NYBCH|NY921942-01","476960","Rain Advisory","05-JUL-16","06-JUL-16","1","100","24","24","RAINFALL","-","PREEMPT","-","STORM","-"
"NY","SUFFOLK","2016","NY921942","LLOYD NECK BATH CLUB","No advisory or closure","Y","21NYBCH|NY921942-01","476961","Rain Advisory","29-JUL-16","30-JUL-16","2","100","24","24","RAINFALL","-","PREEMPT","-","STORM","-"
"NY","BRONX","2016","NY300205","LOCUST POINT YACHT CLUB","No advisory or closure","Y","21NYBCH|NY300205-01","476487","Rain Advisory","29-JUL-16","30-JUL-16","2","100","24","24","RAINFALL","-","PREEMPT","-","STORM","-"
"NY","BRONX","2016","NY300205","LOCUST POINT YACHT CLUB","No advisory or closure","Y","21NYBCH|NY300205-01","476487","Rain Advisory","29-JUL-16","30-JUL-16","2","100","24","24","RAINFALL","-","PREEMPT","-","CSO","-"
"NY","BRONX","2016","NY300205","LOCUST POINT YACHT CLUB","No advisory or closure","Y","21NYBCH|NY300205-01","476486","Rain Advisory","26-JUL-16","26-JUL-16","1","100","24","24","RAINFALL","-","PREEMPT","-","CSO","-"
"NY","BRONX","2016","NY300205","LOCUST POINT YACHT CLUB","No advisory or closure","Y","21NYBCH|NY300205-01","476484","Rain Advisory","06-JUN-16","06-JUN-16","1","100","24","24","RAINFALL","-","PREEMPT","-","STORM","-"
"NY","BRONX","2016","NY300205","LOCUST POINT YACHT CLUB","No advisory or closure","Y","21NYBCH|NY300205-01","476486","Rain Advisory","26-JUL-16","26-JUL-16","1","100","24","24","RAINFALL","-","PREEMPT","-","STORM","-"
"NY","BRONX","2016","NY300205","LOCUST POINT YACHT CLUB","No advisory or closure","Y","21NYBCH|NY300205-01","476485","Rain Advisory","05-JUL-16","06-JUL-16","2","100","24","24","RAINFALL","-","PREEMPT","-","CSO","-"
"NY","BRONX","2016","NY300205","LOCUST POINT YACHT CLUB","No advisory or closure","Y","21NYBCH|NY300205-01","476485","Rain Advisory","05-JUL-16","06-JUL-16","2","100","24","24","RAINFALL","-","PREEMPT","-","STORM","-"
"NY","BRONX","2016","NY300205","LOCUST POINT YACHT CLUB","No advisory or closure","Y","21NYBCH|NY300205-01","476484","Rain Advisory","06-JUN-16","06-JUN-16","1","100","24","24","RAINFALL","-","PREEMPT","-","CSO","-"
"NY","SUFFOLK","2016","NY404494","LONG BEACH","No advisory or closure","Y","21NYBCH|NY404494-01","476564","Rain Advisory","05-JUL-16","06-JUL-16","1","100","24","24","RAINFALL","-","PREEMPT","-","STORM","-"
"NY","SUFFOLK","2016","NY404494","LONG BEACH","No advisory or closure","Y","21NYBCH|NY404494-01","476565","Rain Advisory","29-JUL-16","30-JUL-16","2","100","24","24","RAINFALL","-","PREEMPT","-","STORM","-"
"NY","WESTCHESTER","2016","NY958766","MAMARONECK BEACH AND CABANA CLUB","No advisory or closure","Y","21NYBCH|NY958766-01","476981","Closure","28-JUN-16","01-JUL-16","3","100","24","24","RAINFALL","-","PREEMPT","-","STORM","-"
"NY","WESTCHESTER","2016","NY958766","MAMARONECK BEACH AND CABANA CLUB","No advisory or closure","Y","21NYBCH|NY958766-01","476983","Closure","29-JUL-16","31-JUL-16","2","100","24","24","SEWAGE","-","PREEMPT","-","RUNOFF","-"
"NY","WESTCHESTER","2016","NY958766","MAMARONECK BEACH AND CABANA CLUB","No advisory or closure","Y","21NYBCH|NY958766-01","476982","Closure","05-JUL-16","06-JUL-16","2","100","24","24","RAINFALL","-","PREEMPT","-","STORM","-"
"NY","KINGS","2016","NY527095","MANHATTAN BEACH","No advisory or closure","Y","21NYBCH|NY527095-01","476685","Contamination Advisory","28-JUL-16","29-JUL-16","2","100","24","24","ELEV_BACT","-","ENTERO","-","CSO","-"
"NY","KINGS","2016","NY527095","MANHATTAN BEACH","No advisory or closure","Y","21NYBCH|NY527095-01","476685","Contamination Advisory","28-JUL-16","29-JUL-16","2","100","24","24","ELEV_BACT","-","ENTERO","-","STORM","-"
"NY","BRONX","2016","NY818686","MANHEM BEACH CLUB","No advisory or closure","Y","21NYBCH|NY818686-01","476904","Rain Advisory","29-JUL-16","30-JUL-16","2","100","24","24","RAINFALL","-","PREEMPT","-","CSO","-"
"NY","BRONX","2016","NY818686","MANHEM BEACH CLUB","No advisory or closure","Y","21NYBCH|NY818686-01","476904","Rain Advisory","29-JUL-16","30-JUL-16","2","100","24","24","RAINFALL","-","PREEMPT","-","STORM","-"
"NY","BRONX","2016","NY818686","MANHEM BEACH CLUB","No advisory or closure","Y","21NYBCH|NY818686-01","476903","Rain Advisory","26-JUL-16","26-JUL-16","1","100","24","24","RAINFALL","-","PREEMPT","-","CSO","-"
"NY","BRONX","2016","NY818686","MANHEM BEACH CLUB","No advisory or closure","Y","21NYBCH|NY818686-01","476903","Rain Advisory","26-JUL-16","26-JUL-16","1","100","24","24","RAINFALL","-","PREEMPT","-","STORM","-"
"NY","BRONX","2016","NY818686","MANHEM BEACH CLUB","No advisory or closure","Y","21NYBCH|NY818686-01","476902","Rain Advisory","05-JUL-16","06-JUL-16","2","100","24","24","RAINFALL","-","PREEMPT","-","STORM","-"
"NY","BRONX","2016","NY818686","MANHEM BEACH CLUB","No advisory or closure","Y","21NYBCH|NY818686-01","476902","Rain Advisory","05-JUL-16","06-JUL-16","2","100","24","24","RAINFALL","-","PREEMPT","-","CSO","-"
"NY","BRONX","2016","NY818686","MANHEM BEACH CLUB","No advisory or closure","Y","21NYBCH|NY818686-01","476901","Rain Advisory","06-JUN-16","06-JUN-16","1","100","24","24","RAINFALL","-","PREEMPT","-","CSO","-"
"NY","BRONX","2016","NY818686","MANHEM BEACH CLUB","No advisory or closure","Y","21NYBCH|NY818686-01","476901","Rain Advisory","06-JUN-16","06-JUN-16","1","100","24","24","RAINFALL","-","PREEMPT","-","STORM","-"
"NY","RICHMOND","2016","NY526586","MIDLAND BEACH","No advisory or closure","Y","21NYBCH|NY526586-01","476683","Contamination Advisory","29-JUL-16","30-JUL-16","2","100","24","24","OTHER","Floatable Debris","PREEMPT","-","UNKNOWN","-"
"NY","SUFFOLK","2016","NY612297","MILLER PLACE PARK BEACH","No advisory or closure","Y","21NYBCH|NY612297-01","476763","Rain Advisory","05-JUL-16","06-JUL-16","1","100","24","24","RAINFALL","-","PREEMPT","-","STORM","-"
"NY","SUFFOLK","2016","NY612297","MILLER PLACE PARK BEACH","No advisory or closure","Y","21NYBCH|NY612297-01","476764","Rain Advisory","29-JUL-16","30-JUL-16","2","100","24","24","RAINFALL","-","PREEMPT","-","STORM","-"
"NY","NASSAU","2016","NY623549","MORGAN MEMORIAL BEACH","No advisory or closure","Y","21NYBCH|NY623549-01","476775","Rain Advisory","05-JUL-16","06-JUL-16","1","100","24","24","RAINFALL","-","PREEMPT","-","STORM","-"
"NY","NASSAU","2016","NY623549","MORGAN MEMORIAL BEACH","No advisory or closure","Y","21NYBCH|NY623549-01","476776","Rain Advisory","29-JUL-16","30-JUL-16","1","100","24","24","RAINFALL","-","PREEMPT","-","STORM","-"
"NY","NASSAU","2016","NY623549","MORGAN MEMORIAL BEACH","No advisory or closure","Y","21NYBCH|NY623549-01","476774","Rain Advisory","02-JUL-16","03-JUL-16","1","100","24","24","RAINFALL","-","PREEMPT","-","STORM","-"
"NY","BRONX","2016","NY549702","MORRIS YACHT AND BEACH CLUB","No advisory or closure","Y","21NYBCH|NY549702-01","476700","Rain Advisory","29-JUL-16","30-JUL-16","2","100","24","24","RAINFALL","-","PREEMPT","-","CSO","-"
"NY","BRONX","2016","NY549702","MORRIS YACHT AND BEACH CLUB","No advisory or closure","Y","21NYBCH|NY549702-01","476700","Rain Advisory","29-JUL-16","30-JUL-16","2","100","24","24","RAINFALL","-","PREEMPT","-","STORM","-"
"NY","BRONX","2016","NY549702","MORRIS YACHT AND BEACH CLUB","No advisory or closure","Y","21NYBCH|NY549702-01","476699","Rain Advisory","26-JUL-16","26-JUL-16","1","100","24","24","RAINFALL","-","PREEMPT","-","CSO","-"
"NY","BRONX","2016","NY549702","MORRIS YACHT AND BEACH CLUB","No advisory or closure","Y","21NYBCH|NY549702-01","476698","Rain Advisory","05-JUL-16","06-JUL-16","2","100","24","24","RAINFALL","-","PREEMPT","-","CSO","-"
"NY","BRONX","2016","NY549702","MORRIS YACHT AND BEACH CLUB","No advisory or closure","Y","21NYBCH|NY549702-01","476698","Rain Advisory","05-JUL-16","06-JUL-16","2","100","24","24","RAINFALL","-","PREEMPT","-","STORM","-"
"NY","BRONX","2016","NY549702","MORRIS YACHT AND BEACH CLUB","No advisory or closure","Y","21NYBCH|NY549702-01","476697","Rain Advisory","06-JUN-16","06-JUN-16","1","100","24","24","RAINFALL","-","PREEMPT","-","CSO","-"
"NY","BRONX","2016","NY549702","MORRIS YACHT AND BEACH CLUB","No advisory or closure","Y","21NYBCH|NY549702-01","476697","Rain Advisory","06-JUN-16","06-JUN-16","1","100","24","24","RAINFALL","-","PREEMPT","-","STORM","-"
"NY","BRONX","2016","NY549702","MORRIS YACHT AND BEACH CLUB","No advisory or closure","Y","21NYBCH|NY549702-01","476699","Rain Advisory","26-JUL-16","26-JUL-16","1","100","24","24","RAINFALL","-","PREEMPT","-","STORM","-"
"NY","SUFFOLK","2016","NY260692","NATHAN HALE BEACH CLUB","No advisory or closure","Y","21NYBCH|NY260692-01","476477","Rain Advisory","05-JUL-16","06-JUL-16","1","100","24","24","RAINFALL","-","PREEMPT","-","STORM","-"
"NY","SUFFOLK","2016","NY260692","NATHAN HALE BEACH CLUB","No advisory or closure","Y","21NYBCH|NY260692-01","476478","Rain Advisory","29-JUL-16","30-JUL-16","2","100","24","24","RAINFALL","-","PREEMPT","-","STORM","-"
"NY","SUFFOLK","2016","NY645739","NISSEQUOGUE POINT BEACH","No advisory or closure","Y","21NYBCH|NY645739-01","476832","Rain Advisory","05-JUL-16","06-JUL-16","1","100","24","24","RAINFALL","-","PREEMPT","-","STORM","-"
"NY","SUFFOLK","2016","NY645739","NISSEQUOGUE POINT BEACH","No advisory or closure","Y","21NYBCH|NY645739-01","476833","Rain Advisory","29-JUL-16","30-JUL-16","2","100","24","24","RAINFALL","-","PREEMPT","-","STORM","-"
"NY","NASSAU","2016","NY565139","NORTH HEMPSTEAD BEACH PARK (BAR BEACH)","No advisory or closure","Y","21NYBCH|NY565139-01","476722","Rain Advisory","29-JUL-16","30-JUL-16","1","100","24","24","RAINFALL","-","PREEMPT","-","STORM","-"
"NY","NASSAU","2016","NY565139","NORTH HEMPSTEAD BEACH PARK (BAR BEACH)","No advisory or closure","Y","21NYBCH|NY565139-01","476721","Rain Advisory","15-JUL-16","16-JUL-16","1","100","24","24","RAINFALL","-","PREEMPT","-","STORM","-"
"NY","NASSAU","2016","NY565139","NORTH HEMPSTEAD BEACH PARK (BAR BEACH)","No advisory or closure","Y","21NYBCH|NY565139-01","476719","Rain Advisory","02-JUL-16","03-JUL-16","1","100","24","24","RAINFALL","-","PREEMPT","-","STORM","-"
"NY","NASSAU","2016","NY565139","NORTH HEMPSTEAD BEACH PARK (BAR BEACH)","No advisory or closure","Y","21NYBCH|NY565139-01","476720","Rain Advisory","05-JUL-16","06-JUL-16","1","100","24","24","RAINFALL","-","PREEMPT","-","STORM","-"
"NY","MONROE","2016","NY501691","ONTARIO BEACH","No advisory or closure","Y","21NYBCH|NY501691-01","476648","Contamination Advisory","09-JUL-16","10-JUL-16","1","100","24","24","ELEV_BACT","-","ECOLI","-","UNKNOWN","-"
"NY","MONROE","2016","NY501691","ONTARIO BEACH","No advisory or closure","Y","21NYBCH|NY501691-01","476655","Contamination Advisory","27-JUL-16","28-JUL-16","1","100","24","24","ELEV_BACT","-","ECOLI","-","UNKNOWN","-"
"NY","MONROE","2016","NY501691","ONTARIO BEACH","No advisory or closure","Y","21NYBCH|NY501691-01","476654","Closure","26-JUL-16","27-JUL-16","2","100","24","24","MODEL","-","OTHER","Secchi","UNKNOWN","-"
"NY","MONROE","2016","NY501691","ONTARIO BEACH","No advisory or closure","Y","21NYBCH|NY501691-01","476644","Contamination Advisory","24-JUN-16","25-JUN-16","1","100","24","24","ELEV_BACT","-","ECOLI","-","UNKNOWN","-"
"NY","MONROE","2016","NY501691","ONTARIO BEACH","No advisory or closure","Y","21NYBCH|NY501691-01","476645","Contamination Advisory","29-JUN-16","01-JUL-16","2","100","24","24","ELEV_BACT","-","ECOLI","-","UNKNOWN","-"
"NY","MONROE","2016","NY501691","ONTARIO BEACH","No advisory or closure","Y","21NYBCH|NY501691-01","476646","Closure","02-JUL-16","03-JUL-16","2","100","24","24","MODEL","-","PREEMPT","-","RUNOFF","-"
"NY","MONROE","2016","NY501691","ONTARIO BEACH","No advisory or closure","Y","21NYBCH|NY501691-01","476647","Contamination Advisory","03-JUL-16","04-JUL-16","1","100","24","24","ELEV_BACT","-","ECOLI","-","UNKNOWN","-"
"NY","MONROE","2016","NY501691","ONTARIO BEACH","No advisory or closure","Y","21NYBCH|NY501691-01","476656","Closure","29-JUL-16","31-JUL-16","2","100","24","24","MODEL","-","OTHER","Secchi","UNKNOWN","-"
"NY","MONROE","2016","NY501691","ONTARIO BEACH","No advisory or closure","Y","21NYBCH|NY501691-01","476649","Closure","10-JUL-16","11-JUL-16","1","100","24","24","MODEL","-","OTHER","Secchi","UNKNOWN","-"
"NY","MONROE","2016","NY501691","ONTARIO BEACH","No advisory or closure","Y","21NYBCH|NY501691-01","476650","Closure","11-JUL-16","12-JUL-16","1","100","24","24","ELEV_BACT","-","ECOLI","-","UNKNOWN","-"
"NY","MONROE","2016","NY501691","ONTARIO BEACH","No advisory or closure","Y","21NYBCH|NY501691-01","476651","Contamination Advisory","15-JUL-16","17-JUL-16","2","100","24","24","ELEV_BACT","-","ECOLI","-","UNKNOWN","-"
"NY","MONROE","2016","NY501691","ONTARIO BEACH","No advisory or closure","Y","21NYBCH|NY501691-01","476652","Closure","17-JUL-16","18-JUL-16","2","100","24","24","ELEV_BACT","-","ECOLI","-","UNKNOWN","-"
"NY","MONROE","2016","NY501691","ONTARIO BEACH","No advisory or closure","Y","21NYBCH|NY501691-01","476653","Contamination Advisory","20-JUL-16","21-JUL-16","1","100","24","24","ELEV_BACT","-","ECOLI","-","UNKNOWN","-"
"NY","WESTCHESTER","2016","NY466491","ORIENTA BEACH CLUB","No advisory or closure","Y","21NYBCH|NY466491-01","476625","Closure","29-JUL-16","31-JUL-16","2","100","24","24","SEWAGE","-","PREEMPT","-","RUNOFF","-"
"NY","WESTCHESTER","2016","NY466491","ORIENTA BEACH CLUB","No advisory or closure","Y","21NYBCH|NY466491-01","476624","Closure","05-JUL-16","06-JUL-16","2","100","24","24","RAINFALL","-","PREEMPT","-","STORM","-"
"NY","WESTCHESTER","2016","NY466491","ORIENTA BEACH CLUB","No advisory or closure","Y","21NYBCH|NY466491-01","476623","Closure","28-JUN-16","01-JUL-16","3","100","24","24","RAINFALL","-","PREEMPT","-","STORM","-"
"NY","NASSAU","2016","NY482754","PHILIP HEALEY","No advisory or closure","Y","21NYBCH|NY482754-01","476640","Rain Advisory","29-JUL-16","30-JUL-16","1","100","24","24","RAINFALL","-","PREEMPT","-","STORM","-"
"NY","NASSAU","2016","NY482754","PHILIP HEALEY","No advisory or closure","Y","21NYBCH|NY482754-01","476638","Rain Advisory","02-JUL-16","03-JUL-16","1","100","24","24","RAINFALL","-","PREEMPT","-","STORM","-"
"NY","NASSAU","2016","NY482754","PHILIP HEALEY","No advisory or closure","Y","21NYBCH|NY482754-01","476639","Rain Advisory","05-JUL-16","06-JUL-16","1","100","24","24","RAINFALL","-","PREEMPT","-","STORM","-"
"NY","NASSAU","2016","NY482754","PHILIP HEALEY","No advisory or closure","Y","21NYBCH|NY482754-01","476637","Rain Advisory","28-JUN-16","29-JUN-16","1","100","24","24","RAINFALL","-","PREEMPT","-","STORM","-"
"NY","ERIE","2016","NY309842","PIONEER CAMP","No advisory or closure","Y","21NYBCH|NY309842-01","476498","Closure","15-JUL-16","17-JUL-16","2","100","24","24","ELEV_BACT","-","ECOLI","-","RUNOFF","-"
"NY","NASSAU","2016","NY975269","PIPING ROCK BEACH","No advisory or closure","Y","21NYBCH|NY975269-01","476999","Rain Advisory","29-JUL-16","30-JUL-16","1","100","24","24","RAINFALL","-","PREEMPT","-","STORM","-"
"NY","NASSAU","2016","NY975269","PIPING ROCK BEACH","No advisory or closure","Y","21NYBCH|NY975269-01","476998","Rain Advisory","26-JUL-16","27-JUL-16","1","100","24","24","RAINFALL","-","PREEMPT","-","STORM","-"
"NY","NASSAU","2016","NY975269","PIPING ROCK BEACH","No advisory or closure","Y","21NYBCH|NY975269-01","476997","Rain Advisory","08-JUL-16","09-JUL-16","1","100","24","24","RAINFALL","-","PREEMPT","-","STORM","-"
"NY","NASSAU","2016","NY975269","PIPING ROCK BEACH","No advisory or closure","Y","21NYBCH|NY975269-01","476996","Rain Advisory","05-JUL-16","06-JUL-16","1","100","24","24","RAINFALL","-","PREEMPT","-","STORM","-"
"NY","NASSAU","2016","NY975269","PIPING ROCK BEACH","No advisory or closure","Y","21NYBCH|NY975269-01","476995","Rain Advisory","02-JUL-16","03-JUL-16","1","100","24","24","RAINFALL","-","PREEMPT","-","STORM","-"
"NY","CHAUTAUQUA","2016","NY355904","POINT GRATIOT BEACH - EAST","No advisory or closure","Y","21NYBCH|NY355904-01","476527","Closure","25-JUL-16","26-JUL-16","2","100","24","24","MODEL","-","PREEMPT","-","STORM","-"
"NY","CHAUTAUQUA","2016","NY355904","POINT GRATIOT BEACH - EAST","No advisory or closure","Y","21NYBCH|NY355904-01","476526","Closure","18-JUL-16","18-JUL-16","1","100","24","24","MODEL","-","PREEMPT","-","STORM","-"
"NY","CHAUTAUQUA","2016","NY355904","POINT GRATIOT BEACH - EAST","No advisory or closure","Y","21NYBCH|NY355904-01","476525","Closure","14-JUL-16","14-JUL-16","1","100","24","24","MODEL","-","PREEMPT","-","STORM","-"
"NY","SUFFOLK","2016","NY729319","PRICES BEND BEACH","No advisory or closure","Y","21NYBCH|NY729319-01","476865","Rain Advisory","05-JUL-16","06-JUL-16","1","100","24","24","RAINFALL","-","PREEMPT","-","STORM","-"
"NY","SUFFOLK","2016","NY729319","PRICES BEND BEACH","No advisory or closure","Y","21NYBCH|NY729319-01","476866","Rain Advisory","29-JUL-16","30-JUL-16","2","100","24","24","RAINFALL","-","PREEMPT","-","STORM","-"
"NY","NASSAU","2016","NY558450","PRYIBIL BEACH","No advisory or closure","Y","21NYBCH|NY558450-01","476709","Rain Advisory","02-JUL-16","03-JUL-16","1","100","24","24","RAINFALL","-","PREEMPT","-","STORM","-"
"NY","NASSAU","2016","NY558450","PRYIBIL BEACH","No advisory or closure","Y","21NYBCH|NY558450-01","476710","Rain Advisory","05-JUL-16","06-JUL-16","1","100","24","24","RAINFALL","-","PREEMPT","-","STORM","-"
"NY","NASSAU","2016","NY558450","PRYIBIL BEACH","No advisory or closure","Y","21NYBCH|NY558450-01","476711","Rain Advisory","08-JUL-16","09-JUL-16","1","100","24","24","RAINFALL","-","PREEMPT","-","STORM","-"
"NY","NASSAU","2016","NY558450","PRYIBIL BEACH","No advisory or closure","Y","21NYBCH|NY558450-01","476712","Rain Advisory","29-JUL-16","30-JUL-16","1","100","24","24","RAINFALL","-","PREEMPT","-","STORM","-"
"NY","SUFFOLK","2016","NY324010","SAYVILLE MARINA PARK","No advisory or closure","Y","21NYBCH|NY324010-01","476500","Rain Advisory","05-JUL-16","06-JUL-16","1","100","24","24","RAINFALL","-","PREEMPT","-","STORM","-"
"NY","SUFFOLK","2016","NY324010","SAYVILLE MARINA PARK","No advisory or closure","Y","21NYBCH|NY324010-01","476501","Rain Advisory","29-JUL-16","30-JUL-16","2","100","24","24","RAINFALL","-","PREEMPT","-","STORM","-"
"NY","SUFFOLK","2016","NY779726","SCHUBERT BEACH","No advisory or closure","Y","21NYBCH|NY779726-01","476886","Rain Advisory","29-JUL-16","30-JUL-16","2","100","24","24","RAINFALL","-","PREEMPT","-","STORM","-"
"NY","SUFFOLK","2016","NY779726","SCHUBERT BEACH","No advisory or closure","Y","21NYBCH|NY779726-01","476885","Rain Advisory","05-JUL-16","06-JUL-16","1","100","24","24","RAINFALL","-","PREEMPT","-","STORM","-"
"NY","BRONX","2016","NY417062","SCHUYLER HILL CIVIC ASSOCIATION","No advisory or closure","Y","21NYBCH|NY417062-01","476586","Rain Advisory","26-JUL-16","26-JUL-16","1","100","24","24","RAINFALL","-","PREEMPT","-","STORM","-"
"NY","BRONX","2016","NY417062","SCHUYLER HILL CIVIC ASSOCIATION","No advisory or closure","Y","21NYBCH|NY417062-01","476587","Rain Advisory","29-JUL-16","30-JUL-16","2","100","24","24","RAINFALL","-","PREEMPT","-","CSO","-"
"NY","BRONX","2016","NY417062","SCHUYLER HILL CIVIC ASSOCIATION","No advisory or closure","Y","21NYBCH|NY417062-01","476587","Rain Advisory","29-JUL-16","30-JUL-16","2","100","24","24","RAINFALL","-","PREEMPT","-","STORM","-"
"NY","BRONX","2016","NY417062","SCHUYLER HILL CIVIC ASSOCIATION","No advisory or closure","Y","21NYBCH|NY417062-01","476586","Rain Advisory","26-JUL-16","26-JUL-16","1","100","24","24","RAINFALL","-","PREEMPT","-","CSO","-"
"NY","BRONX","2016","NY417062","SCHUYLER HILL CIVIC ASSOCIATION","No advisory or closure","Y","21NYBCH|NY417062-01","476585","Rain Advisory","05-JUL-16","06-JUL-16","2","100","24","24","RAINFALL","-","PREEMPT","-","CSO","-"
"NY","BRONX","2016","NY417062","SCHUYLER HILL CIVIC ASSOCIATION","No advisory or closure","Y","21NYBCH|NY417062-01","476585","Rain Advisory","05-JUL-16","06-JUL-16","2","100","24","24","RAINFALL","-","PREEMPT","-","STORM","-"
"NY","BRONX","2016","NY417062","SCHUYLER HILL CIVIC ASSOCIATION","No advisory or closure","Y","21NYBCH|NY417062-01","476584","Rain Advisory","06-JUN-16","06-JUN-16","1","100","24","24","RAINFALL","-","PREEMPT","-","CSO","-"
"NY","BRONX","2016","NY417062","SCHUYLER HILL CIVIC ASSOCIATION","No advisory or closure","Y","21NYBCH|NY417062-01","476584","Rain Advisory","06-JUN-16","06-JUN-16","1","100","24","24","RAINFALL","-","PREEMPT","-","STORM","-"
"NY","SUFFOLK","2016","NY612795","SCOTTS BEACH","No advisory or closure","Y","21NYBCH|NY612795-01","476765","Rain Advisory","05-JUL-16","06-JUL-16","1","100","24","24","RAINFALL","-","PREEMPT","-","STORM","-"
"NY","SUFFOLK","2016","NY612795","SCOTTS BEACH","No advisory or closure","Y","21NYBCH|NY612795-01","476766","Rain Advisory","29-JUL-16","30-JUL-16","2","100","24","24","RAINFALL","-","PREEMPT","-","STORM","-"
"NY","NASSAU","2016","NY979731","SEA CLIFF BEACH","No advisory or closure","Y","21NYBCH|NY979731-01","477005","Rain Advisory","29-JUL-16","30-JUL-16","1","100","24","24","RAINFALL","-","PREEMPT","-","STORM","-"
"NY","NASSAU","2016","NY979731","SEA CLIFF BEACH","No advisory or closure","Y","21NYBCH|NY979731-01","477004","Rain Advisory","05-JUL-16","06-JUL-16","1","100","24","24","RAINFALL","-","PREEMPT","-","STORM","-"
"NY","NASSAU","2016","NY979731","SEA CLIFF BEACH","No advisory or closure","Y","21NYBCH|NY979731-01","477003","Rain Advisory","02-JUL-16","03-JUL-16","1","100","24","24","RAINFALL","-","PREEMPT","-","STORM","-"
"NY","SUFFOLK","2016","NY401374","SHIRLEY BEACH","No advisory or closure","Y","21NYBCH|NY401374-01","476559","Rain Advisory","05-JUL-16","06-JUL-16","1","100","24","24","RAINFALL","-","PREEMPT","-","STORM","-"
"NY","SUFFOLK","2016","NY401374","SHIRLEY BEACH","No advisory or closure","Y","21NYBCH|NY401374-01","476560","Closure","11-JUL-16","13-JUL-16","3","100","24","24","ELEV_BACT","-","ENTERO","-","STORM","-"
"NY","SUFFOLK","2016","NY401374","SHIRLEY BEACH","No advisory or closure","Y","21NYBCH|NY401374-01","476561","Rain Advisory","29-JUL-16","30-JUL-16","2","100","24","24","RAINFALL","-","PREEMPT","-","STORM","-"
"NY","WESTCHESTER","2016","NY629541","SHORE ACRES CLUB","No advisory or closure","Y","21NYBCH|NY629541-01","476811","Closure","05-JUL-16","06-JUL-16","2","100","24","24","RAINFALL","-","PREEMPT","-","STORM","-"
"NY","WESTCHESTER","2016","NY629541","SHORE ACRES CLUB","No advisory or closure","Y","21NYBCH|NY629541-01","476812","Closure","29-JUL-16","31-JUL-16","2","100","24","24","SEWAGE","-","PREEMPT","-","RUNOFF","-"
"NY","WESTCHESTER","2016","NY629541","SHORE ACRES CLUB","No advisory or closure","Y","21NYBCH|NY629541-01","476810","Closure","28-JUN-16","01-JUL-16","3","100","24","24","RAINFALL","-","PREEMPT","-","STORM","-"
"NY","SUFFOLK","2016","NY113506","SHOREHAM BEACH","No advisory or closure","Y","21NYBCH|NY113506-01","476413","Rain Advisory","29-JUL-16","30-JUL-16","2","100","24","24","RAINFALL","-","PREEMPT","-","STORM","-"
"NY","SUFFOLK","2016","NY113506","SHOREHAM BEACH","No advisory or closure","Y","21NYBCH|NY113506-01","476412","Rain Advisory","05-JUL-16","06-JUL-16","1","100","24","24","RAINFALL","-","PREEMPT","-","STORM","-"
"NY","SUFFOLK","2016","NY954310","SHOREHAM SHORE CLUB","No advisory or closure","Y","21NYBCH|NY954310-01","476978","Rain Advisory","05-JUL-16","06-JUL-16","1","100","24","24","RAINFALL","-","PREEMPT","-","STORM","-"
"NY","SUFFOLK","2016","NY954310","SHOREHAM SHORE CLUB","No advisory or closure","Y","21NYBCH|NY954310-01","476979","Rain Advisory","29-JUL-16","30-JUL-16","2","100","24","24","RAINFALL","-","PREEMPT","-","STORM","-"
"NY","SUFFOLK","2016","NY498489","SHOREHAM VILLAGE BEACH","No advisory or closure","Y","21NYBCH|NY498489-01","476642","Rain Advisory","05-JUL-16","06-JUL-16","1","100","24","24","RAINFALL","-","PREEMPT","-","STORM","-"
"NY","SUFFOLK","2016","NY498489","SHOREHAM VILLAGE BEACH","No advisory or closure","Y","21NYBCH|NY498489-01","476643","Rain Advisory","29-JUL-16","30-JUL-16","2","100","24","24","RAINFALL","-","PREEMPT","-","STORM","-"
"NY","SUFFOLK","2016","NY382589","SHORT BEACH","No advisory or closure","Y","21NYBCH|NY382589-01","476550","Rain Advisory","05-JUL-16","06-JUL-16","1","100","24","24","RAINFALL","-","PREEMPT","-","STORM","-"
"NY","SUFFOLK","2016","NY382589","SHORT BEACH","No advisory or closure","Y","21NYBCH|NY382589-01","476551","Rain Advisory","29-JUL-16","30-JUL-16","2","100","24","24","RAINFALL","-","PREEMPT","-","STORM","-"
"NY","SUFFOLK","2016","NY871151","SOUND BEACH POA - WEST","No advisory or closure","Y","21NYBCH|NY871151-01","476930","Rain Advisory","05-JUL-16","06-JUL-16","1","100","24","24","RAINFALL","-","PREEMPT","-","STORM","-"
"NY","SUFFOLK","2016","NY871151","SOUND BEACH POA - WEST","No advisory or closure","Y","21NYBCH|NY871151-01","476931","Rain Advisory","29-JUL-16","30-JUL-16","2","100","24","24","RAINFALL","-","PREEMPT","-","STORM","-"
"NY","SUFFOLK","2016","NY572777","SOUND VIEW BEACH ASSOCIATION","No advisory or closure","Y","21NYBCH|NY572777-01","476740","Rain Advisory","05-JUL-16","06-JUL-16","1","100","24","24","RAINFALL","-","PREEMPT","-","STORM","-"
"NY","SUFFOLK","2016","NY572777","SOUND VIEW BEACH ASSOCIATION","No advisory or closure","Y","21NYBCH|NY572777-01","476741","Rain Advisory","29-JUL-16","30-JUL-16","2","100","24","24","RAINFALL","-","PREEMPT","-","STORM","-"
"NY","NASSAU","2016","NY650888","SOUNDSIDE BEACH","No advisory or closure","Y","21NYBCH|NY650888-01","476840","Rain Advisory","26-JUL-16","27-JUL-16","1","100","24","24","RAINFALL","-","PREEMPT","-","STORM","-"
"NY","NASSAU","2016","NY650888","SOUNDSIDE BEACH","No advisory or closure","Y","21NYBCH|NY650888-01","476841","Rain Advisory","29-JUL-16","30-JUL-16","1","100","24","24","RAINFALL","-","PREEMPT","-","STORM","-"
"NY","NASSAU","2016","NY650888","SOUNDSIDE BEACH","No advisory or closure","Y","21NYBCH|NY650888-01","476839","Rain Advisory","05-JUL-16","06-JUL-16","1","100","24","24","RAINFALL","-","PREEMPT","-","STORM","-"
"NY","NASSAU","2016","NY650888","SOUNDSIDE BEACH","No advisory or closure","Y","21NYBCH|NY650888-01","476838","Rain Advisory","02-JUL-16","03-JUL-16","1","100","24","24","RAINFALL","-","PREEMPT","-","STORM","-"
"NY","RICHMOND","2016","NY555335","SOUTH BEACH","No advisory or closure","Y","21NYBCH|NY555335-01","476703","Contamination Advisory","29-JUL-16","30-JUL-16","2","100","24","24","OTHER","Floatable Debris","PREEMPT","-","UNKNOWN","-"
"NY","ERIE","2016","NY739859","ST. VINCENT DEPAUL BEACH","No advisory or closure","N","21NYBCH|NY739859-01","476868","Closure","27-JUL-16","28-JUL-16","1","100","24","24","ELEV_BACT","-","ECOLI","-","UNKNOWN","-"
"NY","ERIE","2016","NY739859","ST. VINCENT DEPAUL BEACH","No advisory or closure","N","21NYBCH|NY739859-01","476867","Closure","15-JUL-16","16-JUL-16","1","100","24","24","ELEV_BACT","-","ECOLI","-","UNKNOWN","-"
"NY","SUFFOLK","2016","NY553462","STEERS BEACH","No advisory or closure","Y","21NYBCH|NY553462-01","476701","Rain Advisory","05-JUL-16","06-JUL-16","1","100","24","24","RAINFALL","-","PREEMPT","-","STORM","-"
"NY","SUFFOLK","2016","NY553462","STEERS BEACH","No advisory or closure","Y","21NYBCH|NY553462-01","476702","Rain Advisory","29-JUL-16","30-JUL-16","2","100","24","24","RAINFALL","-","PREEMPT","-","STORM","-"
"NY","NASSAU","2016","NY348173","STEHLI BEACH","No advisory or closure","Y","21NYBCH|NY348173-01","476510","Rain Advisory","08-JUL-16","09-JUL-16","1","100","24","24","RAINFALL","-","PREEMPT","-","STORM","-"
"NY","NASSAU","2016","NY348173","STEHLI BEACH","No advisory or closure","Y","21NYBCH|NY348173-01","476509","Rain Advisory","05-JUL-16","06-JUL-16","1","100","24","24","RAINFALL","-","PREEMPT","-","STORM","-"
"NY","NASSAU","2016","NY348173","STEHLI BEACH","No advisory or closure","Y","21NYBCH|NY348173-01","476512","Rain Advisory","29-JUL-16","30-JUL-16","1","100","24","24","RAINFALL","-","PREEMPT","-","STORM","-"
"NY","NASSAU","2016","NY348173","STEHLI BEACH","No advisory or closure","Y","21NYBCH|NY348173-01","476511","Rain Advisory","26-JUL-16","27-JUL-16","1","100","24","24","RAINFALL","-","PREEMPT","-","STORM","-"
"NY","NASSAU","2016","NY348173","STEHLI BEACH","No advisory or closure","Y","21NYBCH|NY348173-01","476508","Rain Advisory","02-JUL-16","03-JUL-16","1","100","24","24","RAINFALL","-","PREEMPT","-","STORM","-"
"NY","SUFFOLK","2016","NY615322","STONY BROOK BEACH","No advisory or closure","Y","21NYBCH|NY615322-01","476767","Rain Advisory","05-JUL-16","06-JUL-16","1","100","24","24","RAINFALL","-","PREEMPT","-","STORM","-"
"NY","CHAUTAUQUA","2016","NY163689","SUNSET BAY BEACH CLUB","No advisory or closure","Y","21NYBCH|NY163689-01","476440","Closure","28-JUN-16","29-JUN-16","2","100","24","24","ELEV_BACT","-","ECOLI","-","STORM","-"
"NY","WESTCHESTER","2016","NY452361","SURF CLUB","No advisory or closure","Y","21NYBCH|NY452361-01","476609","Closure","29-JUL-16","31-JUL-16","2","100","24","24","SEWAGE","-","PREEMPT","-","RUNOFF","-"
"NY","WESTCHESTER","2016","NY452361","SURF CLUB","No advisory or closure","Y","21NYBCH|NY452361-01","476608","Closure","05-JUL-16","06-JUL-16","2","100","24","24","RAINFALL","-","PREEMPT","-","STORM","-"
"NY","WESTCHESTER","2016","NY452361","SURF CLUB","No advisory or closure","Y","21NYBCH|NY452361-01","476607","Closure","28-JUN-16","01-JUL-16","3","100","24","24","RAINFALL","-","PREEMPT","-","STORM","-"
"NY","SUFFOLK","2016","NY643679","TANNER PARK","No advisory or closure","Y","21NYBCH|NY643679-01","476829","Rain Advisory","29-JUL-16","30-JUL-16","2","100","24","24","RAINFALL","-","PREEMPT","-","STORM","-"
"NY","SUFFOLK","2016","NY643679","TANNER PARK","No advisory or closure","Y","21NYBCH|NY643679-01","476828","Closure","26-JUL-16","28-JUL-16","2","100","24","24","ELEV_BACT","-","ENTERO","-","STORM","-"
"NY","SUFFOLK","2016","NY643679","TANNER PARK","No advisory or closure","Y","21NYBCH|NY643679-01","476827","Closure","19-JUL-16","22-JUL-16","4","100","24","24","ELEV_BACT","-","ENTERO","-","STORM","-"
"NY","SUFFOLK","2016","NY643679","TANNER PARK","No advisory or closure","Y","21NYBCH|NY643679-01","476826","Rain Advisory","05-JUL-16","06-JUL-16","1","100","24","24","RAINFALL","-","PREEMPT","-","STORM","-"
"NY","NASSAU","2016","NY905795","TAPPEN BEACH","No advisory or closure","Y","21NYBCH|NY905795-01","476948","Rain Advisory","02-JUL-16","03-JUL-16","1","100","24","24","RAINFALL","-","PREEMPT","-","STORM","-"
"NY","NASSAU","2016","NY905795","TAPPEN BEACH","No advisory or closure","Y","21NYBCH|NY905795-01","476949","Rain Advisory","05-JUL-16","06-JUL-16","1","100","24","24","RAINFALL","-","PREEMPT","-","STORM","-"
"NY","NASSAU","2016","NY905795","TAPPEN BEACH","No advisory or closure","Y","21NYBCH|NY905795-01","476950","Rain Advisory","15-JUL-16","16-JUL-16","1","100","24","24","RAINFALL","-","PREEMPT","-","STORM","-"
"NY","NASSAU","2016","NY905795","TAPPEN BEACH","No advisory or closure","Y","21NYBCH|NY905795-01","476951","Rain Advisory","29-JUL-16","30-JUL-16","1","100","24","24","RAINFALL","-","PREEMPT","-","STORM","-"
"NY","SUFFOLK","2016","NY451928","TERRACES ON THE SOUND","No advisory or closure","Y","21NYBCH|NY451928-01","476604","Rain Advisory","05-JUL-16","06-JUL-16","1","100","24","24","RAINFALL","-","PREEMPT","-","STORM","-"
"NY","SUFFOLK","2016","NY451928","TERRACES ON THE SOUND","No advisory or closure","Y","21NYBCH|NY451928-01","476605","Rain Advisory","29-JUL-16","30-JUL-16","2","100","24","24","RAINFALL","-","PREEMPT","-","STORM","-"
"NY","NASSAU","2016","NY598076","THE CREEK BEACH","No advisory or closure","Y","21NYBCH|NY598076-01","476756","Rain Advisory","02-JUL-16","03-JUL-16","1","100","24","24","RAINFALL","-","PREEMPT","-","STORM","-"
"NY","NASSAU","2016","NY598076","THE CREEK BEACH","No advisory or closure","Y","21NYBCH|NY598076-01","476759","Rain Advisory","26-JUL-16","27-JUL-16","1","100","24","24","RAINFALL","-","PREEMPT","-","STORM","-"
"NY","NASSAU","2016","NY598076","THE CREEK BEACH","No advisory or closure","Y","21NYBCH|NY598076-01","476760","Rain Advisory","29-JUL-16","30-JUL-16","1","100","24","24","RAINFALL","-","PREEMPT","-","STORM","-"
"NY","NASSAU","2016","NY598076","THE CREEK BEACH","No advisory or closure","Y","21NYBCH|NY598076-01","476758","Rain Advisory","08-JUL-16","09-JUL-16","1","100","24","24","RAINFALL","-","PREEMPT","-","STORM","-"
"NY","NASSAU","2016","NY598076","THE CREEK BEACH","No advisory or closure","Y","21NYBCH|NY598076-01","476757","Rain Advisory","05-JUL-16","06-JUL-16","1","100","24","24","RAINFALL","-","PREEMPT","-","STORM","-"
"NY","NASSAU","2016","NY380652","THEODORE ROOSEVELT BEACH","No advisory or closure","Y","21NYBCH|NY380652-01","476543","Rain Advisory","02-JUL-16","03-JUL-16","1","100","24","24","RAINFALL","-","PREEMPT","-","STORM","-"
"NY","NASSAU","2016","NY380652","THEODORE ROOSEVELT BEACH","No advisory or closure","Y","21NYBCH|NY380652-01","476544","Rain Advisory","05-JUL-16","06-JUL-16","1","100","24","24","RAINFALL","-","PREEMPT","-","STORM","-"
"NY","NASSAU","2016","NY380652","THEODORE ROOSEVELT BEACH","No advisory or closure","Y","21NYBCH|NY380652-01","476547","Rain Advisory","29-JUL-16","30-JUL-16","1","100","24","24","RAINFALL","-","PREEMPT","-","STORM","-"
"NY","NASSAU","2016","NY380652","THEODORE ROOSEVELT BEACH","No advisory or closure","Y","21NYBCH|NY380652-01","476546","Rain Advisory","26-JUL-16","27-JUL-16","1","100","24","24","RAINFALL","-","PREEMPT","-","STORM","-"
"NY","NASSAU","2016","NY380652","THEODORE ROOSEVELT BEACH","No advisory or closure","Y","21NYBCH|NY380652-01","476545","Rain Advisory","08-JUL-16","09-JUL-16","1","100","24","24","RAINFALL","-","PREEMPT","-","STORM","-"
"NY","SUFFOLK","2016","NY790817","TIDES PROPERTY OWNERS ASSOCIATION","No advisory or closure","Y","21NYBCH|NY790817-01","476889","Rain Advisory","05-JUL-16","06-JUL-16","1","100","24","24","RAINFALL","-","PREEMPT","-","STORM","-"
"NY","SUFFOLK","2016","NY790817","TIDES PROPERTY OWNERS ASSOCIATION","No advisory or closure","Y","21NYBCH|NY790817-01","476890","Rain Advisory","29-JUL-16","30-JUL-16","2","100","24","24","RAINFALL","-","PREEMPT","-","STORM","-"
"NY","CHAUTAUQUA","2016","NY423768","TOWN OF HANOVER BEACH","No advisory or closure","Y","21NYBCH|NY423768-01","476588","Closure","28-JUN-16","28-JUN-16","1","100","24","24","ELEV_BACT","-","ECOLI","-","STORM","-"
"NY","BRONX","2016","NY182382","TRINITY DANISH YOUNG PEOPLE'S SOCIETY","No advisory or closure","Y","21NYBCH|NY182382-01","476459","Rain Advisory","26-JUL-16","26-JUL-16","1","100","24","24","RAINFALL","-","PREEMPT","-","STORM","-"
"NY","BRONX","2016","NY182382","TRINITY DANISH YOUNG PEOPLE'S SOCIETY","No advisory or closure","Y","21NYBCH|NY182382-01","476458","Rain Advisory","05-JUL-16","06-JUL-16","2","100","24","24","RAINFALL","-","PREEMPT","-","CSO","-"
"NY","BRONX","2016","NY182382","TRINITY DANISH YOUNG PEOPLE'S SOCIETY","No advisory or closure","Y","21NYBCH|NY182382-01","476460","Rain Advisory","29-JUL-16","30-JUL-16","2","100","24","24","RAINFALL","-","PREEMPT","-","CSO","-"
"NY","BRONX","2016","NY182382","TRINITY DANISH YOUNG PEOPLE'S SOCIETY","No advisory or closure","Y","21NYBCH|NY182382-01","476457","Rain Advisory","06-JUN-16","06-JUN-16","1","100","24","24","RAINFALL","-","PREEMPT","-","CSO","-"
"NY","BRONX","2016","NY182382","TRINITY DANISH YOUNG PEOPLE'S SOCIETY","No advisory or closure","Y","21NYBCH|NY182382-01","476457","Rain Advisory","06-JUN-16","06-JUN-16","1","100","24","24","RAINFALL","-","PREEMPT","-","STORM","-"
"NY","BRONX","2016","NY182382","TRINITY DANISH YOUNG PEOPLE'S SOCIETY","No advisory or closure","Y","21NYBCH|NY182382-01","476460","Rain Advisory","29-JUL-16","30-JUL-16","2","100","24","24","RAINFALL","-","PREEMPT","-","STORM","-"
"NY","BRONX","2016","NY182382","TRINITY DANISH YOUNG PEOPLE'S SOCIETY","No advisory or closure","Y","21NYBCH|NY182382-01","476459","Rain Advisory","26-JUL-16","26-JUL-16","1","100","24","24","RAINFALL","-","PREEMPT","-","CSO","-"
"NY","BRONX","2016","NY182382","TRINITY DANISH YOUNG PEOPLE'S SOCIETY","No advisory or closure","Y","21NYBCH|NY182382-01","476458","Rain Advisory","05-JUL-16","06-JUL-16","2","100","24","24","RAINFALL","-","PREEMPT","-","STORM","-"
"NY","SUFFOLK","2016","NY106799","VALLEY GROVE BEACH","No advisory or closure","Y","21NYBCH|NY106799-01","476404","Rain Advisory","29-JUL-16","30-JUL-16","2","100","24","24","RAINFALL","-","PREEMPT","-","STORM","-"
"NY","SUFFOLK","2016","NY106799","VALLEY GROVE BEACH","No advisory or closure","Y","21NYBCH|NY106799-01","476403","Rain Advisory","05-JUL-16","06-JUL-16","1","100","24","24","RAINFALL","-","PREEMPT","-","STORM","-"
"NY","SUFFOLK","2016","NY826038","VENETIAN SHORES","No advisory or closure","Y","21NYBCH|NY826038-01","476906","Closure","19-JUL-16","22-JUL-16","4","100","24","24","ELEV_BACT","-","ENTERO","-","STORM","-"
"NY","SUFFOLK","2016","NY826038","VENETIAN SHORES","No advisory or closure","Y","21NYBCH|NY826038-01","476907","Rain Advisory","29-JUL-16","30-JUL-16","2","100","24","24","RAINFALL","-","PREEMPT","-","STORM","-"
"NY","SUFFOLK","2016","NY826038","VENETIAN SHORES","No advisory or closure","Y","21NYBCH|NY826038-01","476905","Rain Advisory","05-JUL-16","06-JUL-16","1","100","24","24","RAINFALL","-","PREEMPT","-","STORM","-"
"NY","BRONX","2016","NY176548","WEST FORDHAM STREET ASSOCIATION","No advisory or closure","Y","21NYBCH|NY176548-01","476454","Rain Advisory","26-JUL-16","26-JUL-16","1","100","24","24","RAINFALL","-","PREEMPT","-","STORM","-"
"NY","BRONX","2016","NY176548","WEST FORDHAM STREET ASSOCIATION","No advisory or closure","Y","21NYBCH|NY176548-01","476453","Contamination Advisory","30-JUN-16","07-JUL-16","8","100","24","24","ELEV_BACT","-","ENTERO","-","STORM","-"
"NY","BRONX","2016","NY176548","WEST FORDHAM STREET ASSOCIATION","No advisory or closure","Y","21NYBCH|NY176548-01","476452","Rain Advisory","06-JUN-16","06-JUN-16","1","100","24","24","RAINFALL","-","PREEMPT","-","CSO","-"
"NY","BRONX","2016","NY176548","WEST FORDHAM STREET ASSOCIATION","No advisory or closure","Y","21NYBCH|NY176548-01","476452","Rain Advisory","06-JUN-16","06-JUN-16","1","100","24","24","RAINFALL","-","PREEMPT","-","STORM","-"
"NY","BRONX","2016","NY176548","WEST FORDHAM STREET ASSOCIATION","No advisory or closure","Y","21NYBCH|NY176548-01","476455","Rain Advisory","29-JUL-16","30-JUL-16","2","100","24","24","RAINFALL","-","PREEMPT","-","CSO","-"
"NY","BRONX","2016","NY176548","WEST FORDHAM STREET ASSOCIATION","No advisory or closure","Y","21NYBCH|NY176548-01","476453","Contamination Advisory","30-JUN-16","07-JUL-16","8","100","24","24","ELEV_BACT","-","ENTERO","-","CSO","-"
"NY","BRONX","2016","NY176548","WEST FORDHAM STREET ASSOCIATION","No advisory or closure","Y","21NYBCH|NY176548-01","476455","Rain Advisory","29-JUL-16","30-JUL-16","2","100","24","24","RAINFALL","-","PREEMPT","-","STORM","-"
"NY","BRONX","2016","NY176548","WEST FORDHAM STREET ASSOCIATION","No advisory or closure","Y","21NYBCH|NY176548-01","476454","Rain Advisory","26-JUL-16","26-JUL-16","1","100","24","24","RAINFALL","-","PREEMPT","-","CSO","-"
"NY","SUFFOLK","2016","NY466279","WEST ISLIP BEACH","No advisory or closure","Y","21NYBCH|NY466279-01","476621","Rain Advisory","29-JUL-16","30-JUL-16","2","100","24","24","RAINFALL","-","PREEMPT","-","STORM","-"
"NY","SUFFOLK","2016","NY466279","WEST ISLIP BEACH","No advisory or closure","Y","21NYBCH|NY466279-01","476620","Rain Advisory","05-JUL-16","06-JUL-16","1","100","24","24","RAINFALL","-","PREEMPT","-","STORM","-"
"NY","SUFFOLK","2016","NY713375","WEST NECK BEACH","No advisory or closure","Y","21NYBCH|NY713375-01","476863","Rain Advisory","29-JUL-16","30-JUL-16","2","100","24","24","RAINFALL","-","PREEMPT","-","STORM","-"
"NY","SUFFOLK","2016","NY713375","WEST NECK BEACH","No advisory or closure","Y","21NYBCH|NY713375-01","476862","Rain Advisory","05-JUL-16","06-JUL-16","1","100","24","24","RAINFALL","-","PREEMPT","-","STORM","-"
"NY","SUFFOLK","2016","NY405933","WEST OAKS RECREATION CLUB","No advisory or closure","Y","21NYBCH|NY405933-01","476567","Rain Advisory","29-JUL-16","30-JUL-16","2","100","24","24","RAINFALL","-","PREEMPT","-","STORM","-"
"NY","SUFFOLK","2016","NY405933","WEST OAKS RECREATION CLUB","No advisory or closure","Y","21NYBCH|NY405933-01","476566","Rain Advisory","05-JUL-16","06-JUL-16","1","100","24","24","RAINFALL","-","PREEMPT","-","STORM","-"
"NY","BRONX","2016","NY388768","WHITE CROSS FISHING CLUB","No advisory or closure","Y","21NYBCH|NY388768-01","476558","Rain Advisory","29-JUL-16","30-JUL-16","2","100","24","24","RAINFALL","-","PREEMPT","-","CSO","-"
"NY","BRONX","2016","NY388768","WHITE CROSS FISHING CLUB","No advisory or closure","Y","21NYBCH|NY388768-01","476557","Rain Advisory","26-JUL-16","26-JUL-16","1","100","24","24","RAINFALL","-","PREEMPT","-","CSO","-"
"NY","BRONX","2016","NY388768","WHITE CROSS FISHING CLUB","No advisory or closure","Y","21NYBCH|NY388768-01","476557","Rain Advisory","26-JUL-16","26-JUL-16","1","100","24","24","RAINFALL","-","PREEMPT","-","STORM","-"
"NY","BRONX","2016","NY388768","WHITE CROSS FISHING CLUB","No advisory or closure","Y","21NYBCH|NY388768-01","476556","Rain Advisory","05-JUL-16","06-JUL-16","2","100","24","24","RAINFALL","-","PREEMPT","-","CSO","-"
"NY","BRONX","2016","NY388768","WHITE CROSS FISHING CLUB","No advisory or closure","Y","21NYBCH|NY388768-01","476556","Rain Advisory","05-JUL-16","06-JUL-16","2","100","24","24","RAINFALL","-","PREEMPT","-","STORM","-"
"NY","BRONX","2016","NY388768","WHITE CROSS FISHING CLUB","No advisory or closure","Y","21NYBCH|NY388768-01","476555","Contamination Advisory","03-JUN-16","08-JUN-16","6","100","24","24","ELEV_BACT","-","ENTERO","-","CSO","-"
"NY","BRONX","2016","NY388768","WHITE CROSS FISHING CLUB","No advisory or closure","Y","21NYBCH|NY388768-01","476555","Contamination Advisory","03-JUN-16","08-JUN-16","6","100","24","24","ELEV_BACT","-","ENTERO","-","STORM","-"
"NY","BRONX","2016","NY388768","WHITE CROSS FISHING CLUB","No advisory or closure","Y","21NYBCH|NY388768-01","476558","Rain Advisory","29-JUL-16","30-JUL-16","2","100","24","24","RAINFALL","-","PREEMPT","-","STORM","-"
"NY","QUEENS","2016","NY429358","WHITESTONE BOOSTER CIVIC ASSOCIATION","No advisory or closure","Y","21NYBCH|NY429358-01","476600","Rain Advisory","26-JUL-16","27-JUL-16","2","100","24","24","RAINFALL","-","PREEMPT","-","STORM","-"
"NY","QUEENS","2016","NY429358","WHITESTONE BOOSTER CIVIC ASSOCIATION","No advisory or closure","Y","21NYBCH|NY429358-01","476597","Rain Advisory","06-JUN-16","06-JUN-16","1","100","24","24","RAINFALL","-","PREEMPT","-","CSO","-"
"NY","QUEENS","2016","NY429358","WHITESTONE BOOSTER CIVIC ASSOCIATION","No advisory or closure","Y","21NYBCH|NY429358-01","476601","Rain Advisory","29-JUL-16","30-JUL-16","2","100","24","24","RAINFALL","-","PREEMPT","-","CSO","-"
"NY","QUEENS","2016","NY429358","WHITESTONE BOOSTER CIVIC ASSOCIATION","No advisory or closure","Y","21NYBCH|NY429358-01","476601","Rain Advisory","29-JUL-16","30-JUL-16","2","100","24","24","RAINFALL","-","PREEMPT","-","STORM","-"
"NY","QUEENS","2016","NY429358","WHITESTONE BOOSTER CIVIC ASSOCIATION","No advisory or closure","Y","21NYBCH|NY429358-01","476600","Rain Advisory","26-JUL-16","27-JUL-16","2","100","24","24","RAINFALL","-","PREEMPT","-","CSO","-"
"NY","QUEENS","2016","NY429358","WHITESTONE BOOSTER CIVIC ASSOCIATION","No advisory or closure","Y","21NYBCH|NY429358-01","476597","Rain Advisory","06-JUN-16","06-JUN-16","1","100","24","24","RAINFALL","-","PREEMPT","-","STORM","-"
"NY","QUEENS","2016","NY429358","WHITESTONE BOOSTER CIVIC ASSOCIATION","No advisory or closure","Y","21NYBCH|NY429358-01","476599","Rain Advisory","05-JUL-16","06-JUL-16","2","100","24","24","RAINFALL","-","PREEMPT","-","CSO","-"
"NY","QUEENS","2016","NY429358","WHITESTONE BOOSTER CIVIC ASSOCIATION","No advisory or closure","Y","21NYBCH|NY429358-01","476599","Rain Advisory","05-JUL-16","06-JUL-16","2","100","24","24","RAINFALL","-","PREEMPT","-","STORM","-"
"NY","QUEENS","2016","NY429358","WHITESTONE BOOSTER CIVIC ASSOCIATION","No advisory or closure","Y","21NYBCH|NY429358-01","476598","Rain Advisory","28-JUN-16","28-JUN-16","1","100","24","24","RAINFALL","-","PREEMPT","-","CSO","-"
"NY","QUEENS","2016","NY429358","WHITESTONE BOOSTER CIVIC ASSOCIATION","No advisory or closure","Y","21NYBCH|NY429358-01","476598","Rain Advisory","28-JUN-16","28-JUN-16","1","100","24","24","RAINFALL","-","PREEMPT","-","STORM","-"
"NY","NIAGARA","2016","NY255107","WILSON-TUSCARORA STATE PARK BEACH","No advisory or closure","Y","21NYBCH|NY255107-01","476467","Closure","25-JUL-16","27-JUL-16","2","100","24","24","RAINFALL","-","PREEMPT","-","STORM","-"
"NY","NIAGARA","2016","NY255107","WILSON-TUSCARORA STATE PARK BEACH","No advisory or closure","Y","21NYBCH|NY255107-01","476468","Closure","27-JUL-16","28-JUL-16","1","100","24","24","ELEV_BACT","-","ECOLI","-","UNKNOWN","-"
"NY","SUFFOLK","2016","NY571635","WINCOMA BEACH","No advisory or closure","Y","21NYBCH|NY571635-01","476738","Rain Advisory","05-JUL-16","06-JUL-16","1","100","24","24","RAINFALL","-","PREEMPT","-","STORM","-"
"NY","SUFFOLK","2016","NY571635","WINCOMA BEACH","No advisory or closure","Y","21NYBCH|NY571635-01","476739","Rain Advisory","29-JUL-16","30-JUL-16","2","100","24","24","RAINFALL","-","PREEMPT","-","STORM","-"
"NY","SUFFOLK","2016","NY687619","WOODHULL LANDING","No advisory or closure","Y","21NYBCH|NY687619-01","476847","Rain Advisory","29-JUL-16","30-JUL-16","2","100","24","24","RAINFALL","-","PREEMPT","-","STORM","-"
"NY","SUFFOLK","2016","NY687619","WOODHULL LANDING","No advisory or closure","Y","21NYBCH|NY687619-01","476846","Rain Advisory","05-JUL-16","06-JUL-16","1","100","24","24","RAINFALL","-","PREEMPT","-","STORM","-"
"NY","ERIE","2016","NY626819","WOODLAWN BEACH STATE PARK","No advisory or closure","Y","21NYBCH|NY626819-01","476791","Closure","17-JUL-16","18-JUL-16","1","100","24","24","MODEL","-","PREEMPT","-","UNKNOWN","-"
"NY","ERIE","2016","NY626819","WOODLAWN BEACH STATE PARK","No advisory or closure","Y","21NYBCH|NY626819-01","476790","Closure","11-JUL-16","12-JUL-16","1","100","24","24","MODEL","-","PREEMPT","-","UNKNOWN","-"
"NY","ERIE","2016","NY626819","WOODLAWN BEACH STATE PARK","No advisory or closure","Y","21NYBCH|NY626819-01","476789","Closure","10-JUL-16","11-JUL-16","1","100","24","24","MODEL","-","PREEMPT","-","UNKNOWN","-"
"NY","ERIE","2016","NY626819","WOODLAWN BEACH STATE PARK","No advisory or closure","Y","21NYBCH|NY626819-01","476788","Closure","02-JUL-16","03-JUL-16","1","100","24","24","MODEL","-","PREEMPT","-","UNKNOWN","-"
"NY","ERIE","2016","NY626819","WOODLAWN BEACH STATE PARK","No advisory or closure","Y","21NYBCH|NY626819-01","476787","Closure","29-JUN-16","30-JUN-16","1","100","24","24","MODEL","-","PREEMPT","-","UNKNOWN","-"
"NY","ERIE","2016","NY626819","WOODLAWN BEACH STATE PARK","No advisory or closure","Y","21NYBCH|NY626819-01","476786","Closure","28-JUN-16","29-JUN-16","1","100","24","24","MODEL","-","PREEMPT","-","UNKNOWN","-"
"NY","ERIE","2016","NY626819","WOODLAWN BEACH STATE PARK","No advisory or closure","Y","21NYBCH|NY626819-01","476785","Closure","27-JUN-16","28-JUN-16","1","100","24","24","SEWAGE","-","PREEMPT","-","SSO","-"
"NY","ERIE","2016","NY626819","WOODLAWN BEACH STATE PARK","No advisory or closure","Y","21NYBCH|NY626819-01","476784","Closure","22-JUN-16","23-JUN-16","1","100","24","24","MODEL","-","PREEMPT","-","UNKNOWN","-"
"NY","ERIE","2016","NY626819","WOODLAWN BEACH STATE PARK","No advisory or closure","Y","21NYBCH|NY626819-01","476783","Closure","21-JUN-16","22-JUN-16","1","100","24","24","MODEL","-","PREEMPT","-","UNKNOWN","-"
"NY","ERIE","2016","NY626819","WOODLAWN BEACH STATE PARK","No advisory or closure","Y","21NYBCH|NY626819-01","476782","Closure","13-JUN-16","14-JUN-16","1","100","24","24","MODEL","-","PREEMPT","-","UNKNOWN","-"
"NY","ERIE","2016","NY626819","WOODLAWN BEACH STATE PARK","No advisory or closure","Y","21NYBCH|NY626819-01","476781","Closure","12-JUN-16","13-JUN-16","1","100","24","24","MODEL","-","PREEMPT","-","UNKNOWN","-"
"NY","ERIE","2016","NY626819","WOODLAWN BEACH STATE PARK","No advisory or closure","Y","21NYBCH|NY626819-01","476780","Closure","09-JUN-16","10-JUN-16","1","100","24","24","MODEL","-","PREEMPT","-","UNKNOWN","-"
"NY","ERIE","2016","NY626819","WOODLAWN BEACH STATE PARK","No advisory or closure","Y","21NYBCH|NY626819-01","476792","Closure","18-JUL-16","19-JUL-16","1","100","24","24","MODEL","-","PREEMPT","-","UNKNOWN","-"
"NY","ERIE","2016","NY626819","WOODLAWN BEACH STATE PARK","No advisory or closure","Y","21NYBCH|NY626819-01","476794","Closure","26-JUL-16","27-JUL-16","1","100","24","24","MODEL","-","PREEMPT","-","UNKNOWN","-"
"NY","ERIE","2016","NY626819","WOODLAWN BEACH STATE PARK","No advisory or closure","Y","21NYBCH|NY626819-01","476795","Closure","27-JUL-16","28-JUL-16","1","100","24","24","MODEL","-","PREEMPT","-","UNKNOWN","-"
"NY","ERIE","2016","NY626819","WOODLAWN BEACH STATE PARK","No advisory or closure","Y","21NYBCH|NY626819-01","476793","Closure","25-JUL-16","26-JUL-16","1","100","24","24","SEWAGE","-","PREEMPT","-","SSO","-"
"NY","CHAUTAUQUA","2016","NY129995","WRIGHT PARK - WEST","No advisory or closure","N","21NYBCH|NY129995-01","476422","Closure","18-JUL-16","18-JUL-16","1","100","24","24","MODEL","-","PREEMPT","-","STORM","-"
"NY","CHAUTAUQUA","2016","NY129995","WRIGHT PARK - WEST","No advisory or closure","N","21NYBCH|NY129995-01","476423","Closure","26-JUL-16","27-JUL-16","2","100","24","24","RAINFALL","-","PREEMPT","-","STORM","-"
